city,city_key,Dep_reg,Dep_engine_original,peak_exposure,peak_funding_cost,monthly_rate,rate_multiple,annual_lpr,annual_rate
六安,六安,2.879681676136365,46.051125,2679.597581891185,1.129286931818182,0.0028750000000000004,1.0,0.0345,0.0345
合肥,合肥,4.3987500000000015,81.42000000000003,2400.0,1.7250000000000003,0.0028750000000000004,1.0,0.0345,0.0345
东莞,东莞,102.51415814393944,333.10901123046887,4560.791666666667,7.905008522727273,0.0028750000000000004,1.0,0.0345,0.0345
中山,中山,29.703479196995694,112.12500000000001,302.4383948000226,4.608214045480542,0.0028750000000000004,1.0,0.0345,0.0345
佛山,佛山,9.460914962121212,22.089422487437187,650.2946969696969,1.1920250946969697,0.0028750000000000004,1.0,0.0345,0.0345
惠州,惠州,84.54594829545452,102.49875776892432,3657.362121212121,9.410724431818185,0.0028750000000000004,1.0,0.0345,0.0345
广州,广州,54.73277329545454,269.918267471591,1252.5810606060606,3.2623844696969706,0.0028750000000000004,1.0,0.0345,0.0345
汕头,汕头,172.2105397727273,126.9827639296188,4749.393939393939,12.547632575757577,0.0028750000000000004,1.0,0.0345,0.0345
深圳,深圳,53.23611363636364,276.2550797872341,2972.454545454546,3.5218750000000005,0.0028750000000000004,1.0,0.0345,0.0345
清远,清远,125.24000946969697,93.9245814732143,4664.393939393939,12.547632575757577,0.0028750000000000004,1.0,0.0345,0.0345
珠海,珠海,503.92869318181823,724.8700852782765,3952.9311550136704,46.00000000000001,0.0028750000000000004,1.0,0.0345,0.0345
肇庆,肇庆,7.679151136363639,8.667003750000001,445.1681818181818,1.0038106060606062,0.0028750000000000004,1.0,0.0345,0.0345
韶关,韶关,182.63502840909098,184.53052242350086,14718.636363636364,32.2,0.0028750000000000004,1.0,0.0345,0.0345
定安,定安,91.1334553977273,22.529954819277116,2967.787878787879,7.026674242424246,0.0028750000000000004,1.0,0.0345,0.0345
白沙县,白沙,64.3317122159091,14.853081325301211,2269.4848484848485,6.524768939393941,0.0028750000000000004,1.0,0.0345,0.0345
陵水,陵水,112.38287116477272,120.1229557086614,3229.651515151514,7.026674242424246,0.0028750000000000004,1.0,0.0345,0.0345
澄迈,澄迈,215.95382812500003,166.03125000000003,3674.999999999999,10.565625,0.0028750000000000004,1.0,0.0345,0.0345
琼中,琼中,368.81578125000004,326.02500000000003,3150.0,9.05625,0.0028750000000000004,1.0,0.0345,0.0345
琼海,琼海,572.2391883515627,437.80118343750024,9896.517500000002,28.452487812500014,0.0028750000000000004,1.0,0.0345,0.0345
屯昌,屯昌,91.1334553977273,13.033237500000004,2967.7878787878785,7.026674242424246,0.0028750000000000004,1.0,0.0345,0.0345
文昌,文昌,91.13345539772729,12.936918277877703,2967.7878787878785,7.026674242424246,0.0028750000000000004,1.0,0.0345,0.0345
万宁,万宁,49.66404134615386,25.953264423076924,1745.4448160535117,4.390884615384615,0.0028750000000000004,1.0,0.0345,0.0345
海口,海口,113.04475878314395,142.63301804123716,3186.007575757576,8.155961174242428,0.0028750000000000004,1.0,0.0345,0.0345
昌江,昌江,89.57127514204547,43.93127071823206,2880.4999999999995,7.026674242424246,0.0028750000000000004,1.0,0.0345,0.0345
五指山,五指山,91.13345539772729,4.9632991449639166,2967.787878787879,7.026674242424246,0.0028750000000000004,1.0,0.0345,0.0345
儋州,儋州,179.91175125309633,28.20385454545455,6146.697565227899,15.057159090909092,0.0028750000000000004,1.0,0.0345,0.0345
北海,北海,106.1081695075758,105.28699798633089,1945.7575757575755,5.594053030303031,0.0028750000000000004,1.0,0.0345,0.0345
兰州,兰州,10.95205476641414,46.33357725527832,7343.030303030303,2.964378196022726,0.0028750000000000004,1.0,0.0345,0.0345
北京,北京,97.07162251420453,391.9505657894737,1309.3181818181815,3.7642897727272726,0.0028750000000000004,1.0,0.0345,0.0345
信阳,信阳,81.53451647727275,11.362958333333335,3142.3636363636365,8.532390151515159,0.0028750000000000004,1.0,0.0345,0.0345
丽水,丽水,11.255226420454546,58.31866776315789,3884.310606060607,1.6939303977272728,0.0028750000000000004,1.0,0.0345,0.0345
义乌,义乌,2429.587116465436,287.57192950236964,3884.3106060606056,12.484894412878786,0.0028750000000000004,1.0,0.0345,0.0345
临高,临高,27.934256152343757,14.8248359375,965.0366847826087,2.4431992187500002,0.0028750000000000004,1.0,0.0345,0.0345
乐东县,乐东,17.193126859177212,8.984725276898734,604.253164556962,1.5200743670886072,0.0028750000000000004,1.0,0.0345,0.0345
上海,上海,767.6579777988217,835.8066317340068,35261.969696969696,101.37816287878789,0.0028750000000000004,1.0,0.0345,0.0345
上饶,上饶,38.271183750000006,55.053675000000005,1235.4260869565217,3.5518500000000017,0.0028750000000000004,1.0,0.0345,0.0345
九江,九江,0.0,33.422312,1724.8000000000002,0.0,0.0028750000000000004,1.0,0.0345,0.0345
东方,东方,88.75097366240534,23.81478525121556,2727.746212121212,6.022863636363637,0.0028750000000000004,1.0,0.0345,0.0345
东营,东营,141.7757004734849,44.50015152963674,4713.545454545456,12.547632575757584,0.0028750000000000004,1.0,0.0345,0.0345
中卫,中卫,10.350661276088928,23.407395326678763,978.7110707803993,1.2650573956442832,0.0028750000000000004,1.0,0.0345,0.0345
乐山市,乐山,15.007500000000002,15.007500000000004,3600.0,4.657500000000001,0.0028750000000000004,1.0,0.0345,0.0345
六安,六安,4.3195225142045475,69.07668749999999,2679.597581891185,1.6939303977272728,0.0043125,1.5,0.0345,0.051750000000000004
合肥,合肥,6.598125000000002,122.13000000000002,2400.0,2.5875000000000004,0.0043125,1.5,0.0345,0.051750000000000004
东莞,东莞,153.77123721590914,499.66351684570327,4560.791666666667,11.85751278409091,0.0043125,1.5,0.0345,0.051750000000000004
中山,中山,44.55521879549354,168.1875,302.4383948000226,6.9123210682208125,0.0043125,1.5,0.0345,0.051750000000000004
佛山,佛山,14.191372443181818,33.13413373115578,650.2946969696969,1.7880376420454545,0.0043125,1.5,0.0345,0.051750000000000004
惠州,惠州,126.81892244318182,153.74813665338647,3657.362121212121,14.116086647727276,0.0043125,1.5,0.0345,0.051750000000000004
广州,广州,82.0991599431818,404.8774012073864,1252.5810606060606,4.893576704545456,0.0043125,1.5,0.0345,0.051750000000000004
汕头,汕头,258.3158096590909,190.47414589442818,4749.393939393939,18.821448863636363,0.0043125,1.5,0.0345,0.051750000000000004
深圳,深圳,79.85417045454547,414.38261968085106,2972.454545454546,5.2828125,0.0043125,1.5,0.0345,0.051750000000000004
清远,清远,187.86001420454548,140.88687220982143,4664.393939393939,18.821448863636363,0.0043125,1.5,0.0345,0.051750000000000004
珠海,珠海,755.8930397727273,1087.3051279174147,3952.9311550136704,69.0,0.0043125,1.5,0.0345,0.051750000000000004
肇庆,肇庆,11.518726704545456,13.000505624999999,445.1681818181818,1.5057159090909094,0.0043125,1.5,0.0345,0.051750000000000004
韶关,韶关,273.95254261363635,276.79578363525127,14718.636363636364,48.300000000000004,0.0043125,1.5,0.0345,0.051750000000000004
定安,定安,136.70018309659093,33.79493222891567,2967.787878787879,10.540011363636369,0.0043125,1.5,0.0345,0.051750000000000004
白沙县,白沙,96.49756832386365,22.279621987951813,2269.4848484848485,9.787153409090912,0.0043125,1.5,0.0345,0.051750000000000004
陵水,陵水,168.5743067471591,180.18443356299207,3229.651515151514,10.540011363636369,0.0043125,1.5,0.0345,0.051750000000000004
澄迈,澄迈,323.9307421875,249.04687500000003,3674.999999999999,15.848437500000001,0.0043125,1.5,0.0345,0.051750000000000004
琼中,琼中,553.223671875,489.0375,3150.0,13.584375000000001,0.0043125,1.5,0.0345,0.051750000000000004
琼海,琼海,858.3587825273439,656.7017751562503,9896.517500000002,42.67873171875002,0.0043125,1.5,0.0345,0.051750000000000004
屯昌,屯昌,136.70018309659093,19.549856250000005,2967.7878787878785,10.540011363636369,0.0043125,1.5,0.0345,0.051750000000000004
文昌,文昌,136.7001830965909,19.405377416816552,2967.7878787878785,10.540011363636369,0.0043125,1.5,0.0345,0.051750000000000004
万宁,万宁,74.49606201923078,38.92989663461538,1745.4448160535117,6.586326923076922,0.0043125,1.5,0.0345,0.051750000000000004
海口,海口,169.56713817471598,213.94952706185572,3186.007575757576,12.23394176136364,0.0043125,1.5,0.0345,0.051750000000000004
昌江,昌江,134.3569127130682,65.89690607734808,2880.4999999999995,10.540011363636369,0.0043125,1.5,0.0345,0.051750000000000004
五指山,五指山,136.7001830965909,7.444948717445874,2967.787878787879,10.540011363636369,0.0043125,1.5,0.0345,0.051750000000000004
儋州,儋州,269.86762687964455,42.30578181818182,6146.697565227899,22.585738636363637,0.0043125,1.5,0.0345,0.051750000000000004
北海,北海,159.16225426136367,157.93049697949633,1945.7575757575755,8.391079545454547,0.0043125,1.5,0.0345,0.051750000000000004
兰州,兰州,16.428082149621208,69.50036588291748,7343.030303030303,4.446567294034089,0.0043125,1.5,0.0345,0.051750000000000004
北京,北京,145.6074337713068,587.9258486842106,1309.3181818181815,5.646434659090908,0.0043125,1.5,0.0345,0.051750000000000004
信阳,信阳,122.30177471590913,17.0444375,3142.3636363636365,12.798585227272737,0.0043125,1.5,0.0345,0.051750000000000004
丽水,丽水,16.882839630681826,87.47800164473682,3884.310606060607,2.540895596590909,0.0043125,1.5,0.0345,0.051750000000000004
义乌,义乌,3644.380674698154,431.3578942535544,3884.3106060606056,18.727341619318178,0.0043125,1.5,0.0345,0.051750000000000004
临高,临高,41.90138422851564,22.237253906249997,965.0366847826087,3.664798828125,0.0043125,1.5,0.0345,0.051750000000000004
乐东县,乐东,25.78969028876582,13.4770879153481,604.253164556962,2.280111550632911,0.0043125,1.5,0.0345,0.051750000000000004
上海,上海,1151.4869666982322,1253.70994760101,35261.969696969696,152.06724431818182,0.0043125,1.5,0.0345,0.051750000000000004
上饶,上饶,57.406775625,82.5805125,1235.4260869565217,5.327775000000002,0.0043125,1.5,0.0345,0.051750000000000004
九江,九江,0.0,50.13346799999999,1724.8000000000002,0.0,0.0043125,1.5,0.0345,0.051750000000000004
东方,东方,133.12646049360796,35.72217787682334,2727.746212121212,9.034295454545456,0.0043125,1.5,0.0345,0.051750000000000004
东营,东营,212.6635507102272,66.7502272944551,4713.545454545456,18.821448863636377,0.0043125,1.5,0.0345,0.051750000000000004
中卫,中卫,15.525991914133392,35.11109299001814,978.7110707803993,1.8975860934664246,0.0043125,1.5,0.0345,0.051750000000000004
乐山市,乐山,22.511250000000004,22.511250000000004,3600.0,6.986250000000001,0.0043125,1.5,0.0345,0.051750000000000004
六安,六安,5.75936335227273,92.10225,2679.597581891185,2.258573863636364,0.005750000000000001,2.0,0.0345,0.069
合肥,合肥,8.797500000000003,162.84000000000006,2400.0,3.4500000000000006,0.005750000000000001,2.0,0.0345,0.069
东莞,东莞,205.02831628787888,666.2180224609377,4560.791666666667,15.810017045454545,0.005750000000000001,2.0,0.0345,0.069
中山,中山,59.40695839399139,224.25000000000003,302.4383948000226,9.216428090961085,0.005750000000000001,2.0,0.0345,0.069
佛山,佛山,18.921829924242424,44.17884497487437,650.2946969696969,2.3840501893939394,0.005750000000000001,2.0,0.0345,0.069
惠州,惠州,169.09189659090904,204.99751553784864,3657.362121212121,18.82144886363637,0.005750000000000001,2.0,0.0345,0.069
广州,广州,109.46554659090909,539.836534943182,1252.5810606060606,6.524768939393941,0.005750000000000001,2.0,0.0345,0.069
汕头,汕头,344.4210795454546,253.9655278592376,4749.393939393939,25.095265151515154,0.005750000000000001,2.0,0.0345,0.069
深圳,深圳,106.47222727272728,552.5101595744682,2972.454545454546,7.043750000000001,0.005750000000000001,2.0,0.0345,0.069
清远,清远,250.48001893939394,187.8491629464286,4664.393939393939,25.095265151515154,0.005750000000000001,2.0,0.0345,0.069
珠海,珠海,1007.8573863636365,1449.740170556553,3952.9311550136704,92.00000000000001,0.005750000000000001,2.0,0.0345,0.069
肇庆,肇庆,15.358302272727277,17.334007500000002,445.1681818181818,2.0076212121212125,0.005750000000000001,2.0,0.0345,0.069
韶关,韶关,365.27005681818196,369.0610448470017,14718.636363636364,64.4,0.005750000000000001,2.0,0.0345,0.069
定安,定安,182.2669107954546,45.05990963855423,2967.787878787879,14.053348484848492,0.005750000000000001,2.0,0.0345,0.069
白沙县,白沙,128.6634244318182,29.706162650602423,2269.4848484848485,13.049537878787882,0.005750000000000001,2.0,0.0345,0.069
陵水,陵水,224.76574232954545,240.2459114173228,3229.651515151514,14.053348484848492,0.005750000000000001,2.0,0.0345,0.069
澄迈,澄迈,431.90765625000006,332.06250000000006,3674.999999999999,21.13125,0.005750000000000001,2.0,0.0345,0.069
琼中,琼中,737.6315625000001,652.0500000000001,3150.0,18.1125,0.005750000000000001,2.0,0.0345,0.069
琼海,琼海,1144.4783767031254,875.6023668750005,9896.517500000002,56.90497562500003,0.005750000000000001,2.0,0.0345,0.069
屯昌,屯昌,182.2669107954546,26.066475000000008,2967.7878787878785,14.053348484848492,0.005750000000000001,2.0,0.0345,0.069
文昌,文昌,182.26691079545458,25.873836555755407,2967.7878787878785,14.053348484848492,0.005750000000000001,2.0,0.0345,0.069
万宁,万宁,99.32808269230772,51.90652884615385,1745.4448160535117,8.78176923076923,0.005750000000000001,2.0,0.0345,0.069
海口,海口,226.0895175662879,285.26603608247433,3186.007575757576,16.311922348484856,0.005750000000000001,2.0,0.0345,0.069
昌江,昌江,179.14255028409093,87.86254143646411,2880.4999999999995,14.053348484848492,0.005750000000000001,2.0,0.0345,0.069
五指山,五指山,182.26691079545458,9.926598289927833,2967.787878787879,14.053348484848492,0.005750000000000001,2.0,0.0345,0.069
儋州,儋州,359.82350250619265,56.4077090909091,6146.697565227899,30.114318181818184,0.005750000000000001,2.0,0.0345,0.069
北海,北海,212.2163390151516,210.57399597266178,1945.7575757575755,11.188106060606062,0.005750000000000001,2.0,0.0345,0.069
兰州,兰州,21.90410953282828,92.66715451055664,7343.030303030303,5.928756392045452,0.005750000000000001,2.0,0.0345,0.069
北京,北京,194.14324502840907,783.9011315789475,1309.3181818181815,7.528579545454545,0.005750000000000001,2.0,0.0345,0.069
信阳,信阳,163.0690329545455,22.72591666666667,3142.3636363636365,17.064780303030318,0.005750000000000001,2.0,0.0345,0.069
丽水,丽水,22.510452840909092,116.63733552631578,3884.310606060607,3.3878607954545457,0.005750000000000001,2.0,0.0345,0.069
义乌,义乌,4859.174232930872,575.1438590047393,3884.3106060606056,24.969788825757572,0.005750000000000001,2.0,0.0345,0.069
临高,临高,55.86851230468751,29.649671875,965.0366847826087,4.8863984375000005,0.005750000000000001,2.0,0.0345,0.069
乐东县,乐东,34.386253718354425,17.96945055379747,604.253164556962,3.0401487341772144,0.005750000000000001,2.0,0.0345,0.069
上海,上海,1535.3159555976433,1671.6132634680137,35261.969696969696,202.75632575757578,0.005750000000000001,2.0,0.0345,0.069
上饶,上饶,76.54236750000001,110.10735000000001,1235.4260869565217,7.1037000000000035,0.005750000000000001,2.0,0.0345,0.069
九江,九江,0.0,66.844624,1724.8000000000002,0.0,0.005750000000000001,2.0,0.0345,0.069
东方,东方,177.5019473248107,47.62957050243112,2727.746212121212,12.045727272727275,0.005750000000000001,2.0,0.0345,0.069
东营,东营,283.5514009469698,89.00030305927348,4713.545454545456,25.095265151515168,0.005750000000000001,2.0,0.0345,0.069
中卫,中卫,20.701322552177857,46.81479065335753,978.7110707803993,2.5301147912885664,0.005750000000000001,2.0,0.0345,0.069
乐山市,乐山,30.015000000000004,30.015000000000008,3600.0,9.315000000000001,0.005750000000000001,2.0,0.0345,0.069
六安,六安,8.639045028409095,138.15337499999998,2679.597581891185,3.3878607954545457,0.008625,3.0,0.0345,0.10350000000000001
合肥,合肥,13.196250000000004,244.26000000000005,2400.0,5.175000000000001,0.008625,3.0,0.0345,0.10350000000000001
东莞,东莞,307.5424744318183,999.3270336914065,4560.791666666667,23.71502556818182,0.008625,3.0,0.0345,0.10350000000000001
中山,中山,89.11043759098708,336.375,302.4383948000226,13.824642136441625,0.008625,3.0,0.0345,0.10350000000000001
佛山,佛山,28.382744886363636,66.26826746231156,650.2946969696969,3.576075284090909,0.008625,3.0,0.0345,0.10350000000000001
惠州,惠州,253.63784488636364,307.49627330677293,3657.362121212121,28.23217329545455,0.008625,3.0,0.0345,0.10350000000000001
广州,广州,164.1983198863636,809.7548024147728,1252.5810606060606,9.787153409090912,0.008625,3.0,0.0345,0.10350000000000001
汕头,汕头,516.6316193181818,380.94829178885635,4749.393939393939,37.642897727272725,0.008625,3.0,0.0345,0.10350000000000001
深圳,深圳,159.70834090909094,828.7652393617021,2972.454545454546,10.565625,0.008625,3.0,0.0345,0.10350000000000001
清远,清远,375.72002840909096,281.77374441964287,4664.393939393939,37.642897727272725,0.008625,3.0,0.0345,0.10350000000000001
珠海,珠海,1511.7860795454546,2174.6102558348293,3952.9311550136704,138.0,0.008625,3.0,0.0345,0.10350000000000001
肇庆,肇庆,23.03745340909091,26.001011249999998,445.1681818181818,3.0114318181818187,0.008625,3.0,0.0345,0.10350000000000001
韶关,韶关,547.9050852272727,553.5915672705025,14718.636363636364,96.60000000000001,0.008625,3.0,0.0345,0.10350000000000001
定安,定安,273.40036619318187,67.58986445783134,2967.787878787879,21.080022727272738,0.008625,3.0,0.0345,0.10350000000000001
白沙县,白沙,192.9951366477273,44.55924397590363,2269.4848484848485,19.574306818181824,0.008625,3.0,0.0345,0.10350000000000001
陵水,陵水,337.1486134943182,360.36886712598414,3229.651515151514,21.080022727272738,0.008625,3.0,0.0345,0.10350000000000001
澄迈,澄迈,647.861484375,498.09375000000006,3674.999999999999,31.696875000000002,0.008625,3.0,0.0345,0.10350000000000001
琼中,琼中,1106.44734375,978.075,3150.0,27.168750000000003,0.008625,3.0,0.0345,0.10350000000000001
琼海,琼海,1716.7175650546878,1313.4035503125006,9896.517500000002,85.35746343750004,0.008625,3.0,0.0345,0.10350000000000001
屯昌,屯昌,273.40036619318187,39.09971250000001,2967.7878787878785,21.080022727272738,0.008625,3.0,0.0345,0.10350000000000001
文昌,文昌,273.4003661931818,38.810754833633105,2967.7878787878785,21.080022727272738,0.008625,3.0,0.0345,0.10350000000000001
万宁,万宁,148.99212403846155,77.85979326923076,1745.4448160535117,13.172653846153844,0.008625,3.0,0.0345,0.10350000000000001
海口,海口,339.13427634943196,427.89905412371144,3186.007575757576,24.46788352272728,0.008625,3.0,0.0345,0.10350000000000001
昌江,昌江,268.7138254261364,131.79381215469616,2880.4999999999995,21.080022727272738,0.008625,3.0,0.0345,0.10350000000000001
五指山,五指山,273.4003661931818,14.889897434891749,2967.787878787879,21.080022727272738,0.008625,3.0,0.0345,0.10350000000000001
儋州,儋州,539.7352537592891,84.61156363636364,6146.697565227899,45.17147727272727,0.008625,3.0,0.0345,0.10350000000000001
北海,北海,318.32450852272734,315.86099395899265,1945.7575757575755,16.782159090909094,0.008625,3.0,0.0345,0.10350000000000001
兰州,兰州,32.856164299242415,139.00073176583496,7343.030303030303,8.893134588068177,0.008625,3.0,0.0345,0.10350000000000001
北京,北京,291.2148675426136,1175.8516973684211,1309.3181818181815,11.292869318181816,0.008625,3.0,0.0345,0.10350000000000001
信阳,信阳,244.60354943181827,34.088875,3142.3636363636365,25.597170454545473,0.008625,3.0,0.0345,0.10350000000000001
丽水,丽水,33.76567926136365,174.95600328947364,3884.310606060607,5.081791193181818,0.008625,3.0,0.0345,0.10350000000000001
义乌,义乌,7288.761349396308,862.7157885071088,3884.3106060606056,37.454683238636356,0.008625,3.0,0.0345,0.10350000000000001
临高,临高,83.80276845703128,44.47450781249999,965.0366847826087,7.32959765625,0.008625,3.0,0.0345,0.10350000000000001
乐东县,乐东,51.57938057753164,26.9541758306962,604.253164556962,4.560223101265822,0.008625,3.0,0.0345,0.10350000000000001
上海,上海,2302.9739333964644,2507.41989520202,35261.969696969696,304.13448863636364,0.008625,3.0,0.0345,0.10350000000000001
上饶,上饶,114.81355125,165.161025,1235.4260869565217,10.655550000000003,0.008625,3.0,0.0345,0.10350000000000001
九江,九江,0.0,100.26693599999999,1724.8000000000002,0.0,0.008625,3.0,0.0345,0.10350000000000001
东方,东方,266.25292098721593,71.44435575364668,2727.746212121212,18.06859090909091,0.008625,3.0,0.0345,0.10350000000000001
东营,东营,425.3271014204544,133.5004545889102,4713.545454545456,37.642897727272754,0.008625,3.0,0.0345,0.10350000000000001
中卫,中卫,31.051983828266785,70.22218598003629,978.7110707803993,3.795172186932849,0.008625,3.0,0.0345,0.10350000000000001
乐山市,乐山,45.02250000000001,45.02250000000001,3600.0,13.972500000000002,0.008625,3.0,0.0345,0.10350000000000001
