model,repeat,fold,split_id,n_train,n_valid,rf_param_hash,R2,RMSE,MSE
B1,1,1,0,32,9,ce6ca82c326e584d8d688a7bedd72e06f508088c933485bfbfa222c82aab7fd0,-1.7911713345565672,313.0058128066581,97972.6388507567
B1,1,2,1,33,8,ce6ca82c326e584d8d688a7bedd72e06f508088c933485bfbfa222c82aab7fd0,-1.4812116205608903,284.2561391268389,80801.5526312968
B1,1,3,2,33,8,ce6ca82c326e584d8d688a7bedd72e06f508088c933485bfbfa222c82aab7fd0,-0.28318256720747215,846.3939698329114,716382.7521695152
B1,1,4,3,33,8,ce6ca82c326e584d8d688a7bedd72e06f508088c933485bfbfa222c82aab7fd0,-0.15491975720990325,535.6767900842186,286949.623434932
B1,1,5,4,33,8,ce6ca82c326e584d8d688a7bedd72e06f508088c933485bfbfa222c82aab7fd0,-0.04810303107920988,2423.9280210756783,5875427.051355854
B1,2,1,5,32,9,ce6ca82c326e584d8d688a7bedd72e06f508088c933485bfbfa222c82aab7fd0,-0.13148130112373946,2362.425498773626,5581054.237255815
B1,2,2,6,33,8,ce6ca82c326e584d8d688a7bedd72e06f508088c933485bfbfa222c82aab7fd0,-0.14240533048940507,562.9359698223855,316896.9061198697
B1,2,3,7,33,8,ce6ca82c326e584d8d688a7bedd72e06f508088c933485bfbfa222c82aab7fd0,-0.7026824829894791,394.2509465646144,155433.80886709446
B1,2,4,8,33,8,ce6ca82c326e584d8d688a7bedd72e06f508088c933485bfbfa222c82aab7fd0,0.10535471480659275,680.536913977564,463130.4912861064
B1,2,5,9,33,8,ce6ca82c326e584d8d688a7bedd72e06f508088c933485bfbfa222c82aab7fd0,-0.9062316639280033,276.65387791163,76537.36816354308
B1,3,1,10,32,9,ce6ca82c326e584d8d688a7bedd72e06f508088c933485bfbfa222c82aab7fd0,0.1260668001793126,635.1641250985374,403433.4658121905
B1,3,2,11,33,8,ce6ca82c326e584d8d688a7bedd72e06f508088c933485bfbfa222c82aab7fd0,-1.4767144239844332,308.8607944242077,95394.99033235271
B1,3,3,12,33,8,ce6ca82c326e584d8d688a7bedd72e06f508088c933485bfbfa222c82aab7fd0,-0.2202839703052737,2556.622962317844,6536320.971450869
B1,3,4,13,33,8,ce6ca82c326e584d8d688a7bedd72e06f508088c933485bfbfa222c82aab7fd0,-0.4127422223578152,399.280257191702,159424.72378307168
B1,3,5,14,33,8,ce6ca82c326e584d8d688a7bedd72e06f508088c933485bfbfa222c82aab7fd0,-3.5457047665962342,284.5866097389112,80989.53844268734
B1,4,1,15,32,9,ce6ca82c326e584d8d688a7bedd72e06f508088c933485bfbfa222c82aab7fd0,0.0831471907824517,635.008881250772,403236.2792673571
B1,4,2,16,33,8,ce6ca82c326e584d8d688a7bedd72e06f508088c933485bfbfa222c82aab7fd0,-0.08964362608285703,2430.1836134537552,5905792.395099151
B1,4,3,17,33,8,ce6ca82c326e584d8d688a7bedd72e06f508088c933485bfbfa222c82aab7fd0,-2.912022662832861,395.74619469321493,156615.05061416
B1,4,4,18,33,8,ce6ca82c326e584d8d688a7bedd72e06f508088c933485bfbfa222c82aab7fd0,-7.7926006352274815,328.4763827680664,107896.73403639326
B1,4,5,19,33,8,ce6ca82c326e584d8d688a7bedd72e06f508088c933485bfbfa222c82aab7fd0,0.0748186733905093,592.2402636138173,350748.5298453638
B1,5,1,20,32,9,ce6ca82c326e584d8d688a7bedd72e06f508088c933485bfbfa222c82aab7fd0,-0.2814790648577177,908.4149833250734,825217.7819294934
B1,5,2,21,33,8,ce6ca82c326e584d8d688a7bedd72e06f508088c933485bfbfa222c82aab7fd0,-0.594700322948321,416.44983025568536,173430.46111998914
B1,5,3,22,33,8,ce6ca82c326e584d8d688a7bedd72e06f508088c933485bfbfa222c82aab7fd0,-5.8171218217641565,421.36372331285827,177547.38732407498
B1,5,4,23,33,8,ce6ca82c326e584d8d688a7bedd72e06f508088c933485bfbfa222c82aab7fd0,-0.6221370071398968,231.4530066171085,53570.49427209928
B1,5,5,24,33,8,ce6ca82c326e584d8d688a7bedd72e06f508088c933485bfbfa222c82aab7fd0,-0.1005574839904475,2441.387956385775,5960375.15358551
B1,6,1,25,32,9,ce6ca82c326e584d8d688a7bedd72e06f508088c933485bfbfa222c82aab7fd0,-0.46843984671295935,246.3257629341054,60676.38148506909
B1,6,2,26,33,8,ce6ca82c326e584d8d688a7bedd72e06f508088c933485bfbfa222c82aab7fd0,0.16975979681359354,412.6384875067841,170270.52137188643
B1,6,3,27,33,8,ce6ca82c326e584d8d688a7bedd72e06f508088c933485bfbfa222c82aab7fd0,-0.11451362243086405,2430.0051971030025,5904925.257947602
B1,6,4,28,33,8,ce6ca82c326e584d8d688a7bedd72e06f508088c933485bfbfa222c82aab7fd0,-2.19727415269092,587.1530187082762,344748.66737824143
B1,6,5,29,33,8,ce6ca82c326e584d8d688a7bedd72e06f508088c933485bfbfa222c82aab7fd0,-0.031832929109112174,824.5814340114133,679934.5413163188
B1,7,1,30,32,9,ce6ca82c326e584d8d688a7bedd72e06f508088c933485bfbfa222c82aab7fd0,-0.03967383498305743,485.8300090220448,236030.79766636016
B1,7,2,31,33,8,ce6ca82c326e584d8d688a7bedd72e06f508088c933485bfbfa222c82aab7fd0,-1.6453671194963788,283.3106658153285,80264.93336472474
B1,7,3,32,33,8,ce6ca82c326e584d8d688a7bedd72e06f508088c933485bfbfa222c82aab7fd0,-0.03494761822990822,781.3103132186102,610445.8055417628
B1,7,4,33,33,8,ce6ca82c326e584d8d688a7bedd72e06f508088c933485bfbfa222c82aab7fd0,-0.5043116329872817,413.7398623007255,171180.67365662332
B1,7,5,34,33,8,ce6ca82c326e584d8d688a7bedd72e06f508088c933485bfbfa222c82aab7fd0,-0.06529137773350735,2431.387298103894,5911644.193380955
B1,8,1,35,32,9,ce6ca82c326e584d8d688a7bedd72e06f508088c933485bfbfa222c82aab7fd0,-0.6503855119815107,285.798163025471,81680.5899887337
B1,8,2,36,33,8,ce6ca82c326e584d8d688a7bedd72e06f508088c933485bfbfa222c82aab7fd0,-0.06495098840647895,2426.7272733077066,5889005.259015457
B1,8,3,37,33,8,ce6ca82c326e584d8d688a7bedd72e06f508088c933485bfbfa222c82aab7fd0,-10.919559756901455,361.18623840206203,130455.4988110312
B1,8,4,38,33,8,ce6ca82c326e584d8d688a7bedd72e06f508088c933485bfbfa222c82aab7fd0,0.16835375233677463,647.5880304345318,419370.25716207613
B1,8,5,39,33,8,ce6ca82c326e584d8d688a7bedd72e06f508088c933485bfbfa222c82aab7fd0,-0.13791771706981337,659.360519004787,434756.294022262
B1,9,1,40,32,9,ce6ca82c326e584d8d688a7bedd72e06f508088c933485bfbfa222c82aab7fd0,-0.26138029254036566,2515.887935661697,6329692.104808075
B1,9,2,41,33,8,ce6ca82c326e584d8d688a7bedd72e06f508088c933485bfbfa222c82aab7fd0,-4.384109213290485,364.1172954018482,132581.4048107568
B1,9,3,42,33,8,ce6ca82c326e584d8d688a7bedd72e06f508088c933485bfbfa222c82aab7fd0,-5.282607236780915,359.7585517158871,129426.21553271264
B1,9,4,43,33,8,ce6ca82c326e584d8d688a7bedd72e06f508088c933485bfbfa222c82aab7fd0,-0.20331450511154125,498.36945713088096,248372.115800929
B1,9,5,44,33,8,ce6ca82c326e584d8d688a7bedd72e06f508088c933485bfbfa222c82aab7fd0,-1.3119003878841116,403.45786921976185,162778.25223535043
B1,10,1,45,32,9,ce6ca82c326e584d8d688a7bedd72e06f508088c933485bfbfa222c82aab7fd0,-0.4692730160812777,357.1265510982002,127539.37349929538
B1,10,2,46,33,8,ce6ca82c326e584d8d688a7bedd72e06f508088c933485bfbfa222c82aab7fd0,-3.668836746534584,365.1091296253725,133304.67653579704
B1,10,3,47,33,8,ce6ca82c326e584d8d688a7bedd72e06f508088c933485bfbfa222c82aab7fd0,-0.6477016683696364,280.0954904541282,78453.48377273863
B1,10,4,48,33,8,ce6ca82c326e584d8d688a7bedd72e06f508088c933485bfbfa222c82aab7fd0,-0.2426287016808384,2574.4049039026763,6627560.609238149
B1,10,5,49,33,8,ce6ca82c326e584d8d688a7bedd72e06f508088c933485bfbfa222c82aab7fd0,0.15713772654004243,642.4066404403504,412686.2916818577
B1,11,1,50,32,9,ce6ca82c326e584d8d688a7bedd72e06f508088c933485bfbfa222c82aab7fd0,-0.09196704956323654,2309.043442259125,5331681.61823987
B1,11,2,51,33,8,ce6ca82c326e584d8d688a7bedd72e06f508088c933485bfbfa222c82aab7fd0,0.08352410935602006,684.8263087638949,468987.0731751814
B1,11,3,52,33,8,ce6ca82c326e584d8d688a7bedd72e06f508088c933485bfbfa222c82aab7fd0,-3.4129353224764385,503.3712808845649,253382.64641936752
B1,11,4,53,33,8,ce6ca82c326e584d8d688a7bedd72e06f508088c933485bfbfa222c82aab7fd0,0.12342554801650207,444.8015057267735,197848.3794968049
B1,11,5,54,33,8,ce6ca82c326e584d8d688a7bedd72e06f508088c933485bfbfa222c82aab7fd0,-0.14242507943278526,506.0912367552098,256128.3399204178
B1,12,1,55,32,9,ce6ca82c326e584d8d688a7bedd72e06f508088c933485bfbfa222c82aab7fd0,-0.08036342342152869,2302.9773123865198,5303704.501367037
B1,12,2,56,33,8,ce6ca82c326e584d8d688a7bedd72e06f508088c933485bfbfa222c82aab7fd0,0.01001738536534591,710.7252908486379,505130.4390518809
B1,12,3,57,33,8,ce6ca82c326e584d8d688a7bedd72e06f508088c933485bfbfa222c82aab7fd0,0.10349750318086426,594.3231464189802,353220.0023693566
B1,12,4,58,33,8,ce6ca82c326e584d8d688a7bedd72e06f508088c933485bfbfa222c82aab7fd0,-1.8617893534883292,289.5846719306067,83859.2822171571
B1,12,5,59,33,8,ce6ca82c326e584d8d688a7bedd72e06f508088c933485bfbfa222c82aab7fd0,-9.054212562673,370.3001293767656,137122.18581644935
B1,13,1,60,32,9,ce6ca82c326e584d8d688a7bedd72e06f508088c933485bfbfa222c82aab7fd0,0.08695079220477131,469.92691957287497,220831.3097392513
B1,13,2,61,33,8,ce6ca82c326e584d8d688a7bedd72e06f508088c933485bfbfa222c82aab7fd0,-0.32406705722267004,381.39847950895756,145464.80017174472
B1,13,3,62,33,8,ce6ca82c326e584d8d688a7bedd72e06f508088c933485bfbfa222c82aab7fd0,-0.2015248175791251,2509.21279116406,6296148.831341333
B1,13,4,63,33,8,ce6ca82c326e584d8d688a7bedd72e06f508088c933485bfbfa222c82aab7fd0,-2.4510206299079393,299.20263798505687,89522.21857721699
B1,13,5,64,33,8,ce6ca82c326e584d8d688a7bedd72e06f508088c933485bfbfa222c82aab7fd0,0.0970170872552586,671.4371952544038,450827.90717110044
B1,14,1,65,32,9,ce6ca82c326e584d8d688a7bedd72e06f508088c933485bfbfa222c82aab7fd0,0.021403124340791058,676.9961863214629,458323.83629380487
B1,14,2,66,33,8,ce6ca82c326e584d8d688a7bedd72e06f508088c933485bfbfa222c82aab7fd0,-8.906690514001824,321.4431608158966,103325.70563531434
B1,14,3,67,33,8,ce6ca82c326e584d8d688a7bedd72e06f508088c933485bfbfa222c82aab7fd0,-2.1477972448152216,300.153854384963,90092.33630214955
B1,14,4,68,33,8,ce6ca82c326e584d8d688a7bedd72e06f508088c933485bfbfa222c82aab7fd0,0.11458749055290962,573.1165190304297,328462.5443855569
B1,14,5,69,33,8,ce6ca82c326e584d8d688a7bedd72e06f508088c933485bfbfa222c82aab7fd0,-0.08644019830080385,2436.846595429506,5938221.329656376
B1,15,1,70,32,9,ce6ca82c326e584d8d688a7bedd72e06f508088c933485bfbfa222c82aab7fd0,-0.2656574299635286,2473.695992316294,6119171.862401695
B1,15,2,71,33,8,ce6ca82c326e584d8d688a7bedd72e06f508088c933485bfbfa222c82aab7fd0,-1.8931052838029427,320.23779493498654,102552.24530482249
B1,15,3,72,33,8,ce6ca82c326e584d8d688a7bedd72e06f508088c933485bfbfa222c82aab7fd0,-1.1352499800297093,275.02311007744873,75637.71107667248
B1,15,4,73,33,8,ce6ca82c326e584d8d688a7bedd72e06f508088c933485bfbfa222c82aab7fd0,0.004203607105049634,528.1207733196026,278911.55121169507
B1,15,5,74,33,8,ce6ca82c326e584d8d688a7bedd72e06f508088c933485bfbfa222c82aab7fd0,-1.0902101235375694,500.03629885953774,250036.30017714493
B1,16,1,75,32,9,ce6ca82c326e584d8d688a7bedd72e06f508088c933485bfbfa222c82aab7fd0,-0.016547096955611185,608.7383268464094,370562.3505717661
B1,16,2,76,33,8,ce6ca82c326e584d8d688a7bedd72e06f508088c933485bfbfa222c82aab7fd0,-0.07548054557506223,2427.71967430783,5893822.817021316
B1,16,3,77,33,8,ce6ca82c326e584d8d688a7bedd72e06f508088c933485bfbfa222c82aab7fd0,-0.27746066237735745,364.3681771993116,132764.16855554894
B1,16,4,78,33,8,ce6ca82c326e584d8d688a7bedd72e06f508088c933485bfbfa222c82aab7fd0,-2.202971187168851,369.04696965361734,136195.66581051797
B1,16,5,79,33,8,ce6ca82c326e584d8d688a7bedd72e06f508088c933485bfbfa222c82aab7fd0,0.06020970515994217,691.6168735474042,478333.89977548615
B1,17,1,80,32,9,ce6ca82c326e584d8d688a7bedd72e06f508088c933485bfbfa222c82aab7fd0,-0.07457350456882761,476.21515057202333,226780.86963433484
B1,17,2,81,33,8,ce6ca82c326e584d8d688a7bedd72e06f508088c933485bfbfa222c82aab7fd0,-0.03258409651020555,833.204504977375,694229.7471145926
B1,17,3,82,33,8,ce6ca82c326e584d8d688a7bedd72e06f508088c933485bfbfa222c82aab7fd0,-0.0785813365136705,2416.655769087377,5840225.106263301
B1,17,4,83,33,8,ce6ca82c326e584d8d688a7bedd72e06f508088c933485bfbfa222c82aab7fd0,-2.1496115130374553,543.7483227302946,295662.23847200855
B1,17,5,84,33,8,ce6ca82c326e584d8d688a7bedd72e06f508088c933485bfbfa222c82aab7fd0,-1.3106119511667118,245.3472582619699,60195.277136665754
B1,18,1,85,32,9,ce6ca82c326e584d8d688a7bedd72e06f508088c933485bfbfa222c82aab7fd0,-0.10060379265854191,2346.6120859513994,5506588.281933177
B1,18,2,86,33,8,ce6ca82c326e584d8d688a7bedd72e06f508088c933485bfbfa222c82aab7fd0,0.10785012693613194,684.2927536564674,468256.5727067508
B1,18,3,87,33,8,ce6ca82c326e584d8d688a7bedd72e06f508088c933485bfbfa222c82aab7fd0,-1.4938624648837728,250.078949365524,62539.48091576432
B1,18,4,88,33,8,ce6ca82c326e584d8d688a7bedd72e06f508088c933485bfbfa222c82aab7fd0,0.07970719300036777,398.89482247295837,159117.07939573296
B1,18,5,89,33,8,ce6ca82c326e584d8d688a7bedd72e06f508088c933485bfbfa222c82aab7fd0,-0.45240891925213744,391.5105965610344,153280.54721957704
B1,19,1,90,32,9,ce6ca82c326e584d8d688a7bedd72e06f508088c933485bfbfa222c82aab7fd0,0.14882420714038036,555.8388427395771,308956.81909807236
B1,19,2,91,33,8,ce6ca82c326e584d8d688a7bedd72e06f508088c933485bfbfa222c82aab7fd0,-2.5074478910403775,389.9472254094403,152058.83860452083
B1,19,3,92,33,8,ce6ca82c326e584d8d688a7bedd72e06f508088c933485bfbfa222c82aab7fd0,-1.060701534133735,478.4152843992203,228881.18434678682
B1,19,4,93,33,8,ce6ca82c326e584d8d688a7bedd72e06f508088c933485bfbfa222c82aab7fd0,0.09538918495867665,664.4602868118387,441507.47275007097
B1,19,5,94,33,8,ce6ca82c326e584d8d688a7bedd72e06f508088c933485bfbfa222c82aab7fd0,-0.0795438999861402,2412.1101219759194,5818275.240538685
B1,20,1,95,32,9,ce6ca82c326e584d8d688a7bedd72e06f508088c933485bfbfa222c82aab7fd0,0.09107727561420076,481.1900896768764,231543.90240324035
B1,20,2,96,33,8,ce6ca82c326e584d8d688a7bedd72e06f508088c933485bfbfa222c82aab7fd0,-0.18901077609390016,2532.6817023947947,6414476.605645395
B1,20,3,97,33,8,ce6ca82c326e584d8d688a7bedd72e06f508088c933485bfbfa222c82aab7fd0,-6.92631516406411,329.76741975759853,108746.55113358419
B1,20,4,98,33,8,ce6ca82c326e584d8d688a7bedd72e06f508088c933485bfbfa222c82aab7fd0,0.10960261685052197,631.2239756161641,398443.70739267574
B1,20,5,99,33,8,ce6ca82c326e584d8d688a7bedd72e06f508088c933485bfbfa222c82aab7fd0,-1.9457067410504698,305.3327428495603,93228.08385603571
B2,1,1,0,32,9,ce6ca82c326e584d8d688a7bedd72e06f508088c933485bfbfa222c82aab7fd0,-4.167363324765505,425.8862844793352,181379.1273076132
B2,1,2,1,33,8,ce6ca82c326e584d8d688a7bedd72e06f508088c933485bfbfa222c82aab7fd0,-2.8481974369839906,354.00273938931343,125317.93949513817
B2,1,3,2,33,8,ce6ca82c326e584d8d688a7bedd72e06f508088c933485bfbfa222c82aab7fd0,-0.13693347652779608,796.7019172373784,634733.9449297147
B2,1,4,3,33,8,ce6ca82c326e584d8d688a7bedd72e06f508088c933485bfbfa222c82aab7fd0,-0.3051534315595499,569.4527688006474,324276.4558947236
B2,1,5,4,33,8,ce6ca82c326e584d8d688a7bedd72e06f508088c933485bfbfa222c82aab7fd0,-0.032945424523926015,2406.3368340221027,5790456.9587715175
B2,2,1,5,32,9,ce6ca82c326e584d8d688a7bedd72e06f508088c933485bfbfa222c82aab7fd0,-0.11792030296149636,2348.2257858911003,5514164.3415238755
B2,2,2,6,33,8,ce6ca82c326e584d8d688a7bedd72e06f508088c933485bfbfa222c82aab7fd0,-0.4576602979410238,635.8827616597678,404346.88657605305
B2,2,3,7,33,8,ce6ca82c326e584d8d688a7bedd72e06f508088c933485bfbfa222c82aab7fd0,-1.0331621529371242,430.81609417995014,185602.50700446768
B2,2,4,8,33,8,ce6ca82c326e584d8d688a7bedd72e06f508088c933485bfbfa222c82aab7fd0,0.15141254562300577,662.7878706440255,439287.7614728415
B2,2,5,9,33,8,ce6ca82c326e584d8d688a7bedd72e06f508088c933485bfbfa222c82aab7fd0,-1.3838624497749228,309.378065074208,95714.78714906088
B2,3,1,10,32,9,ce6ca82c326e584d8d688a7bedd72e06f508088c933485bfbfa222c82aab7fd0,0.24267821845447368,591.27166270805,349602.179121542
B2,3,2,11,33,8,ce6ca82c326e584d8d688a7bedd72e06f508088c933485bfbfa222c82aab7fd0,-2.0704226005868978,343.8934424406167,118262.69975365774
B2,3,3,12,33,8,ce6ca82c326e584d8d688a7bedd72e06f508088c933485bfbfa222c82aab7fd0,-0.21398234752285838,2550.013137405647,6502567.00094139
B2,3,4,13,33,8,ce6ca82c326e584d8d688a7bedd72e06f508088c933485bfbfa222c82aab7fd0,-0.3389052362260898,388.70604449661096,151092.38902820132
B2,3,5,14,33,8,ce6ca82c326e584d8d688a7bedd72e06f508088c933485bfbfa222c82aab7fd0,-12.496779645858041,490.37568497989963,240468.31241950576
B2,4,1,15,32,9,ce6ca82c326e584d8d688a7bedd72e06f508088c933485bfbfa222c82aab7fd0,0.18966253154358315,596.984354594526,356390.3196306429
B2,4,2,16,33,8,ce6ca82c326e584d8d688a7bedd72e06f508088c933485bfbfa222c82aab7fd0,-0.06342501195352024,2400.7684887562477,5763689.336604958
B2,4,3,17,33,8,ce6ca82c326e584d8d688a7bedd72e06f508088c933485bfbfa222c82aab7fd0,-2.6291879470820043,381.17182939026515,145291.96352072142
B2,4,4,18,33,8,ce6ca82c326e584d8d688a7bedd72e06f508088c933485bfbfa222c82aab7fd0,-10.195853508344536,370.6585985419534,137387.79667308496
B2,4,5,19,33,8,ce6ca82c326e584d8d688a7bedd72e06f508088c933485bfbfa222c82aab7fd0,0.00757861663477799,613.3841606143253,376240.12849254045
B2,5,1,20,32,9,ce6ca82c326e584d8d688a7bedd72e06f508088c933485bfbfa222c82aab7fd0,-0.23138894401689458,890.4840726303062,792961.8836082565
B2,5,2,21,33,8,ce6ca82c326e584d8d688a7bedd72e06f508088c933485bfbfa222c82aab7fd0,-1.4443453795811871,515.5899383746594,265832.984553185
B2,5,3,22,33,8,ce6ca82c326e584d8d688a7bedd72e06f508088c933485bfbfa222c82aab7fd0,-12.186479299399412,586.0316127942667,343433.0511942494
B2,5,4,23,33,8,ce6ca82c326e584d8d688a7bedd72e06f508088c933485bfbfa222c82aab7fd0,-0.7922905486768637,243.28944510946494,59189.75410167135
B2,5,5,24,33,8,ce6ca82c326e584d8d688a7bedd72e06f508088c933485bfbfa222c82aab7fd0,-0.09466082664531195,2434.8388377242463,5928440.165690358
B2,6,1,25,32,9,ce6ca82c326e584d8d688a7bedd72e06f508088c933485bfbfa222c82aab7fd0,-0.4070479943723797,241.1216528178211,58139.65145759785
B2,6,2,26,33,8,ce6ca82c326e584d8d688a7bedd72e06f508088c933485bfbfa222c82aab7fd0,0.006838772258954906,451.3128835757325,203683.31888144265
B2,6,3,27,33,8,ce6ca82c326e584d8d688a7bedd72e06f508088c933485bfbfa222c82aab7fd0,-0.10704735748076422,2421.852066387832,5865367.4314670125
B2,6,4,28,33,8,ce6ca82c326e584d8d688a7bedd72e06f508088c933485bfbfa222c82aab7fd0,-3.34586551989599,684.5410572479744,468596.4590581747
B2,6,5,29,33,8,ce6ca82c326e584d8d688a7bedd72e06f508088c933485bfbfa222c82aab7fd0,0.040689166844187774,795.0757998808874,632145.527556233
B2,7,1,30,32,9,ce6ca82c326e584d8d688a7bedd72e06f508088c933485bfbfa222c82aab7fd0,-0.3071646155413177,544.7546191012816,296757.5950321824
B2,7,2,31,33,8,ce6ca82c326e584d8d688a7bedd72e06f508088c933485bfbfa222c82aab7fd0,-4.773029846086997,418.52542928300403,175163.5349565228
B2,7,3,32,33,8,ce6ca82c326e584d8d688a7bedd72e06f508088c933485bfbfa222c82aab7fd0,0.016917438196690004,761.4815207305281,579854.1064140777
B2,7,4,33,33,8,ce6ca82c326e584d8d688a7bedd72e06f508088c933485bfbfa222c82aab7fd0,-0.7645691247429511,448.1029433521302,200796.2478408424
B2,7,5,34,33,8,ce6ca82c326e584d8d688a7bedd72e06f508088c933485bfbfa222c82aab7fd0,-0.04639417205391538,2409.7256122481053,5806777.526324506
B2,8,1,35,32,9,ce6ca82c326e584d8d688a7bedd72e06f508088c933485bfbfa222c82aab7fd0,-1.070314846397935,320.09945154218366,102463.6588776068
B2,8,2,36,33,8,ce6ca82c326e584d8d688a7bedd72e06f508088c933485bfbfa222c82aab7fd0,-0.06061961036058894,2421.7872418781562,5865053.444923807
B2,8,3,37,33,8,ce6ca82c326e584d8d688a7bedd72e06f508088c933485bfbfa222c82aab7fd0,-18.244485618241878,458.93823484736714,210624.30340481712
B2,8,4,38,33,8,ce6ca82c326e584d8d688a7bedd72e06f508088c933485bfbfa222c82aab7fd0,0.22837244915558685,623.7827484896957,389104.9173133589
B2,8,5,39,33,8,ce6ca82c326e584d8d688a7bedd72e06f508088c933485bfbfa222c82aab7fd0,-0.14671478094130208,661.9043185570271,438117.3269244423
B2,9,1,40,32,9,ce6ca82c326e584d8d688a7bedd72e06f508088c933485bfbfa222c82aab7fd0,-0.2650111807664488,2519.5063303935376,6347912.1488931095
B2,9,2,41,33,8,ce6ca82c326e584d8d688a7bedd72e06f508088c933485bfbfa222c82aab7fd0,-5.838543894936426,410.3611113465986,168396.24170561548
B2,9,3,42,33,8,ce6ca82c326e584d8d688a7bedd72e06f508088c933485bfbfa222c82aab7fd0,-4.889279343731009,348.3150568170858,121323.37880548972
B2,9,4,43,33,8,ce6ca82c326e584d8d688a7bedd72e06f508088c933485bfbfa222c82aab7fd0,-0.466488200941084,550.1753508694532,302692.91670432594
B2,9,5,44,33,8,ce6ca82c326e584d8d688a7bedd72e06f508088c933485bfbfa222c82aab7fd0,-1.8251637874454847,446.0006042249188,198916.53896899265
B2,10,1,45,32,9,ce6ca82c326e584d8d688a7bedd72e06f508088c933485bfbfa222c82aab7fd0,-0.7430637951678483,388.9802306480316,151305.61983499583
B2,10,2,46,33,8,ce6ca82c326e584d8d688a7bedd72e06f508088c933485bfbfa222c82aab7fd0,-3.992501341615653,377.5525811107063,142545.95150335645
B2,10,3,47,33,8,ce6ca82c326e584d8d688a7bedd72e06f508088c933485bfbfa222c82aab7fd0,-2.168250139599684,388.39761762255256,150852.70937487457
B2,10,4,48,33,8,ce6ca82c326e584d8d688a7bedd72e06f508088c933485bfbfa222c82aab7fd0,-0.22693483642837609,2558.096435535276,6543857.373498285
B2,10,5,49,33,8,ce6ca82c326e584d8d688a7bedd72e06f508088c933485bfbfa222c82aab7fd0,0.22296319608673953,616.8115658680061,380456.50778854167
B2,11,1,50,32,9,ce6ca82c326e584d8d688a7bedd72e06f508088c933485bfbfa222c82aab7fd0,-0.07963403536748714,2295.966888711817,5271463.95406102
B2,11,2,51,33,8,ce6ca82c326e584d8d688a7bedd72e06f508088c933485bfbfa222c82aab7fd0,0.22211982641684458,630.9228625013278,398063.65842686937
B2,11,3,52,33,8,ce6ca82c326e584d8d688a7bedd72e06f508088c933485bfbfa222c82aab7fd0,-3.5224408204741415,509.57850339340837,259670.25112066593
B2,11,4,53,33,8,ce6ca82c326e584d8d688a7bedd72e06f508088c933485bfbfa222c82aab7fd0,-0.4315804406974275,568.4335754989892,323116.72975456505
B2,11,5,54,33,8,ce6ca82c326e584d8d688a7bedd72e06f508088c933485bfbfa222c82aab7fd0,-0.4207882572269892,564.3904189307542,318536.54498083226
B2,12,1,55,32,9,ce6ca82c326e584d8d688a7bedd72e06f508088c933485bfbfa222c82aab7fd0,-0.06961125958922931,2291.4886284043473,5250920.134106437
B2,12,2,56,33,8,ce6ca82c326e584d8d688a7bedd72e06f508088c933485bfbfa222c82aab7fd0,0.12249047116341893,669.1352460499705,447741.97750635457
B2,12,3,57,33,8,ce6ca82c326e584d8d688a7bedd72e06f508088c933485bfbfa222c82aab7fd0,0.015101043361132938,622.9349983518484,388048.0121716175
B2,12,4,58,33,8,ce6ca82c326e584d8d688a7bedd72e06f508088c933485bfbfa222c82aab7fd0,-2.7304822055238986,330.62769159860557,109314.67045182263
B2,12,5,59,33,8,ce6ca82c326e584d8d688a7bedd72e06f508088c933485bfbfa222c82aab7fd0,-19.695363513856492,531.2713081548897,282249.2028686077
B2,13,1,60,32,9,ce6ca82c326e584d8d688a7bedd72e06f508088c933485bfbfa222c82aab7fd0,0.022690536228280322,486.1824572115185,236373.38170023003
B2,13,2,61,33,8,ce6ca82c326e584d8d688a7bedd72e06f508088c933485bfbfa222c82aab7fd0,-0.5808946464547555,416.74983015097047,173680.42093086272
B2,13,3,62,33,8,ce6ca82c326e584d8d688a7bedd72e06f508088c933485bfbfa222c82aab7fd0,-0.18861848207012466,2495.6998873343064,6228517.927640469
B2,13,4,63,33,8,ce6ca82c326e584d8d688a7bedd72e06f508088c933485bfbfa222c82aab7fd0,-2.0245256694756715,280.1046237666106,78458.60025543446
B2,13,5,64,33,8,ce6ca82c326e584d8d688a7bedd72e06f508088c933485bfbfa222c82aab7fd0,0.1756954568897081,641.5189307221244,411546.5384748579
B2,14,1,65,32,9,ce6ca82c326e584d8d688a7bedd72e06f508088c933485bfbfa222c82aab7fd0,0.09777731876098461,650.0416442348978,422554.1392396095
B2,14,2,66,33,8,ce6ca82c326e584d8d688a7bedd72e06f508088c933485bfbfa222c82aab7fd0,-12.237247543975922,371.5683699825292,138063.0535714737
B2,14,3,67,33,8,ce6ca82c326e584d8d688a7bedd72e06f508088c933485bfbfa222c82aab7fd0,-3.707837344076121,367.0720134337019,134741.86304627184
B2,14,4,68,33,8,ce6ca82c326e584d8d688a7bedd72e06f508088c933485bfbfa222c82aab7fd0,-0.07823181564393433,632.4499620513211,399992.95449871756
B2,14,5,69,33,8,ce6ca82c326e584d8d688a7bedd72e06f508088c933485bfbfa222c82aab7fd0,-0.08517045405729151,2435.4221836093975,5931281.212416765
B2,15,1,70,32,9,ce6ca82c326e584d8d688a7bedd72e06f508088c933485bfbfa222c82aab7fd0,-0.2795232506449561,2487.209283118471,6186210.018030698
B2,15,2,71,33,8,ce6ca82c326e584d8d688a7bedd72e06f508088c933485bfbfa222c82aab7fd0,-2.565933705998972,355.53069346389174,126402.07399491576
B2,15,3,72,33,8,ce6ca82c326e584d8d688a7bedd72e06f508088c933485bfbfa222c82aab7fd0,-3.7203318177126574,408.9131622568582,167209.97426690365
B2,15,4,73,33,8,ce6ca82c326e584d8d688a7bedd72e06f508088c933485bfbfa222c82aab7fd0,-0.39803315491700086,625.75843384173,391573.6175240548
B2,15,5,74,33,8,ce6ca82c326e584d8d688a7bedd72e06f508088c933485bfbfa222c82aab7fd0,-0.9601531919287962,484.2298588325281,234478.55618497013
B2,16,1,75,32,9,ce6ca82c326e584d8d688a7bedd72e06f508088c933485bfbfa222c82aab7fd0,-0.1487125482713103,647.1017535113407,418740.6793974519
B2,16,2,76,33,8,ce6ca82c326e584d8d688a7bedd72e06f508088c933485bfbfa222c82aab7fd0,-0.06365348029217399,2414.3339487606913,5829008.416138393
B2,16,3,77,33,8,ce6ca82c326e584d8d688a7bedd72e06f508088c933485bfbfa222c82aab7fd0,-0.386553089832431,379.60762186946505,144101.94658139077
B2,16,4,78,33,8,ce6ca82c326e584d8d688a7bedd72e06f508088c933485bfbfa222c82aab7fd0,-3.4861424014023807,436.7587909963356,190758.24151258077
B2,16,5,79,33,8,ce6ca82c326e584d8d688a7bedd72e06f508088c933485bfbfa222c82aab7fd0,0.1546153438504363,655.9598878744532,430283.37450026517
B2,17,1,80,32,9,ce6ca82c326e584d8d688a7bedd72e06f508088c933485bfbfa222c82aab7fd0,-0.2717135912368811,518.0596890110944,268385.8413782718
B2,17,2,81,33,8,ce6ca82c326e584d8d688a7bedd72e06f508088c933485bfbfa222c82aab7fd0,0.06025699963925679,794.8651262564495,631810.5689386813
B2,17,3,82,33,8,ce6ca82c326e584d8d688a7bedd72e06f508088c933485bfbfa222c82aab7fd0,-0.05721248479665286,2392.5966178572867,5724518.575782128
B2,17,4,83,33,8,ce6ca82c326e584d8d688a7bedd72e06f508088c933485bfbfa222c82aab7fd0,-3.863170039578802,675.6614845655216,456518.4417252846
B2,17,5,84,33,8,ce6ca82c326e584d8d688a7bedd72e06f508088c933485bfbfa222c82aab7fd0,-2.884761948442408,318.1265436679769,101204.4977861332
B2,18,1,85,32,9,ce6ca82c326e584d8d688a7bedd72e06f508088c933485bfbfa222c82aab7fd0,-0.08225596437091487,2326.9700551314895,5414789.637478647
B2,18,2,86,33,8,ce6ca82c326e584d8d688a7bedd72e06f508088c933485bfbfa222c82aab7fd0,0.1527187121729333,666.8633343693731,444706.7067262383
B2,18,3,87,33,8,ce6ca82c326e584d8d688a7bedd72e06f508088c933485bfbfa222c82aab7fd0,-2.2016788899671695,283.3542774426721,80289.64654505881
B2,18,4,88,33,8,ce6ca82c326e584d8d688a7bedd72e06f508088c933485bfbfa222c82aab7fd0,-0.14512271226725715,444.9604387992466,197989.7920964181
B2,18,5,89,33,8,ce6ca82c326e584d8d688a7bedd72e06f508088c933485bfbfa222c82aab7fd0,-0.8465631137396181,441.44961812641935,194877.76534396148
B2,19,1,90,32,9,ce6ca82c326e584d8d688a7bedd72e06f508088c933485bfbfa222c82aab7fd0,0.12787168336472143,562.6385101145593,316562.093063931
B2,19,2,91,33,8,ce6ca82c326e584d8d688a7bedd72e06f508088c933485bfbfa222c82aab7fd0,-2.30481823489492,378.51579770722805,143274.2091139392
B2,19,3,92,33,8,ce6ca82c326e584d8d688a7bedd72e06f508088c933485bfbfa222c82aab7fd0,-1.8753973197104088,565.1274861304778,319369.0755801534
B2,19,4,93,33,8,ce6ca82c326e584d8d688a7bedd72e06f508088c933485bfbfa222c82aab7fd0,0.22141696458120175,616.439713343005,379997.9201864061
B2,19,5,94,33,8,ce6ca82c326e584d8d688a7bedd72e06f508088c933485bfbfa222c82aab7fd0,-0.057029544380747144,2386.824792562407,5696932.590390577
B2,20,1,95,32,9,ce6ca82c326e584d8d688a7bedd72e06f508088c933485bfbfa222c82aab7fd0,0.07502278262922324,485.42116866011025,235633.7109833472
B2,20,2,96,33,8,ce6ca82c326e584d8d688a7bedd72e06f508088c933485bfbfa222c82aab7fd0,-0.18121133325934768,2524.3613376665735,6372400.163105773
B2,20,3,97,33,8,ce6ca82c326e584d8d688a7bedd72e06f508088c933485bfbfa222c82aab7fd0,-12.16782290059449,425.0392790840065,180658.38876425198
B2,20,4,98,33,8,ce6ca82c326e584d8d688a7bedd72e06f508088c933485bfbfa222c82aab7fd0,0.2364047401691517,584.5520132686049,341701.0562163792
B2,20,5,99,33,8,ce6ca82c326e584d8d688a7bedd72e06f508088c933485bfbfa222c82aab7fd0,-2.947199461159944,353.44607336224453,124924.12677518916
