model,repeat,fold,split_id,n_train,n_valid,rf_param_hash,R2,RMSE,MSE,feature_set
M0,1,1,0,32,9,ce6ca82c326e584d8d688a7bedd72e06f508088c933485bfbfa222c82aab7fd0,-3.192018306684517,383.5930588995974,147143.63483595,IV1;IV2;year_1;Region_1
M0,1,2,1,33,8,ce6ca82c326e584d8d688a7bedd72e06f508088c933485bfbfa222c82aab7fd0,-0.31587210835318813,207.00688514731817,42851.85049839498,IV1;IV2;year_1;Region_1
M0,1,3,2,33,8,ce6ca82c326e584d8d688a7bedd72e06f508088c933485bfbfa222c82aab7fd0,-0.3144429764159693,856.6416977312035,733834.9982917988,IV1;IV2;year_1;Region_1
M0,1,4,3,33,8,ce6ca82c326e584d8d688a7bedd72e06f508088c933485bfbfa222c82aab7fd0,-0.41549696394127533,593.0364607343198,351692.24376028846,IV1;IV2;year_1;Region_1
M0,1,5,4,33,8,ce6ca82c326e584d8d688a7bedd72e06f508088c933485bfbfa222c82aab7fd0,-0.057681521267838765,2434.9788268805023,5929121.8873563465,IV1;IV2;year_1;Region_1
M0,2,1,5,32,9,ce6ca82c326e584d8d688a7bedd72e06f508088c933485bfbfa222c82aab7fd0,-0.14341503013231027,2374.8510680067243,5639917.595212679,IV1;IV2;year_1;Region_1
M0,2,2,6,33,8,ce6ca82c326e584d8d688a7bedd72e06f508088c933485bfbfa222c82aab7fd0,-0.28011926293839506,595.9009880912788,355097.98760816234,IV1;IV2;year_1;Region_1
M0,2,3,7,33,8,ce6ca82c326e584d8d688a7bedd72e06f508088c933485bfbfa222c82aab7fd0,-0.641613557918485,387.1162265427867,149858.97285272615,IV1;IV2;year_1;Region_1
M0,2,4,8,33,8,ce6ca82c326e584d8d688a7bedd72e06f508088c933485bfbfa222c82aab7fd0,0.04633966921904897,702.6242059189411,493680.7747432225,IV1;IV2;year_1;Region_1
M0,2,5,9,33,8,ce6ca82c326e584d8d688a7bedd72e06f508088c933485bfbfa222c82aab7fd0,-1.0391906899954395,286.13951876260614,81875.82419769584,IV1;IV2;year_1;Region_1
M0,3,1,10,32,9,ce6ca82c326e584d8d688a7bedd72e06f508088c933485bfbfa222c82aab7fd0,0.08572592192941664,649.6583800704204,422056.0107957229,IV1;IV2;year_1;Region_1
M0,3,2,11,33,8,ce6ca82c326e584d8d688a7bedd72e06f508088c933485bfbfa222c82aab7fd0,-1.078559145613447,282.947597634878,80059.34300734881,IV1;IV2;year_1;Region_1
M0,3,3,12,33,8,ce6ca82c326e584d8d688a7bedd72e06f508088c933485bfbfa222c82aab7fd0,-0.250048811622116,2587.6153443319595,6695753.170222204,IV1;IV2;year_1;Region_1
M0,3,4,13,33,8,ce6ca82c326e584d8d688a7bedd72e06f508088c933485bfbfa222c82aab7fd0,-0.13397520781449623,357.7240622772847,127966.50473216266,IV1;IV2;year_1;Region_1
M0,3,5,14,33,8,ce6ca82c326e584d8d688a7bedd72e06f508088c933485bfbfa222c82aab7fd0,-5.800060294105982,348.07291535919063,121154.75440664629,IV1;IV2;year_1;Region_1
M0,4,1,15,32,9,ce6ca82c326e584d8d688a7bedd72e06f508088c933485bfbfa222c82aab7fd0,-0.011705941554012389,667.0480818475313,444953.1434964709,IV1;IV2;year_1;Region_1
M0,4,2,16,33,8,ce6ca82c326e584d8d688a7bedd72e06f508088c933485bfbfa222c82aab7fd0,-0.09286114108369348,2433.7689088772904,5923231.101817757,IV1;IV2;year_1;Region_1
M0,4,3,17,33,8,ce6ca82c326e584d8d688a7bedd72e06f508088c933485bfbfa222c82aab7fd0,0.00611729250469728,199.47277697021892,39789.3887522107,IV1;IV2;year_1;Region_1
M0,4,4,18,33,8,ce6ca82c326e584d8d688a7bedd72e06f508088c933485bfbfa222c82aab7fd0,-5.478078109796562,281.9477062550112,79494.50906246208,IV1;IV2;year_1;Region_1
M0,4,5,19,33,8,ce6ca82c326e584d8d688a7bedd72e06f508088c933485bfbfa222c82aab7fd0,-0.07469423670165254,638.3031098153446,407430.85999993986,IV1;IV2;year_1;Region_1
M0,5,1,20,32,9,ce6ca82c326e584d8d688a7bedd72e06f508088c933485bfbfa222c82aab7fd0,-0.39882529219268137,949.096275475593,900783.7401216426,IV1;IV2;year_1;Region_1
M0,5,2,21,33,8,ce6ca82c326e584d8d688a7bedd72e06f508088c933485bfbfa222c82aab7fd0,-0.5017415987028591,404.12968637865305,163320.80341250848,IV1;IV2;year_1;Region_1
M0,5,3,22,33,8,ce6ca82c326e584d8d688a7bedd72e06f508088c933485bfbfa222c82aab7fd0,-8.256618793195914,491.00148426130716,241082.45754680663,IV1;IV2;year_1;Region_1
M0,5,4,23,33,8,ce6ca82c326e584d8d688a7bedd72e06f508088c933485bfbfa222c82aab7fd0,-0.45310400696436814,219.06218277025187,47988.23992006724,IV1;IV2;year_1;Region_1
M0,5,5,24,33,8,ce6ca82c326e584d8d688a7bedd72e06f508088c933485bfbfa222c82aab7fd0,-0.1186288166028211,2461.3503370190288,6058245.481543686,IV1;IV2;year_1;Region_1
M0,6,1,25,32,9,ce6ca82c326e584d8d688a7bedd72e06f508088c933485bfbfa222c82aab7fd0,-0.19622193776518215,222.32466039428155,49428.25461943263,IV1;IV2;year_1;Region_1
M0,6,2,26,33,8,ce6ca82c326e584d8d688a7bedd72e06f508088c933485bfbfa222c82aab7fd0,0.4019115821613163,350.2277461009818,122659.47413897375,IV1;IV2;year_1;Region_1
M0,6,3,27,33,8,ce6ca82c326e584d8d688a7bedd72e06f508088c933485bfbfa222c82aab7fd0,-0.12815288986408402,2444.8290200031893,5977188.937049755,IV1;IV2;year_1;Region_1
M0,6,4,28,33,8,ce6ca82c326e584d8d688a7bedd72e06f508088c933485bfbfa222c82aab7fd0,-2.1485068288051172,582.6579539486629,339490.2912996422,IV1;IV2;year_1;Region_1
M0,6,5,29,33,8,ce6ca82c326e584d8d688a7bedd72e06f508088c933485bfbfa222c82aab7fd0,-0.1402410038394568,866.8165360183233,751370.9071148051,IV1;IV2;year_1;Region_1
M0,7,1,30,32,9,ce6ca82c326e584d8d688a7bedd72e06f508088c933485bfbfa222c82aab7fd0,-0.3162937786826756,546.6535769159326,298830.1331549834,IV1;IV2;year_1;Region_1
M0,7,2,31,33,8,ce6ca82c326e584d8d688a7bedd72e06f508088c933485bfbfa222c82aab7fd0,-2.872405731649739,342.7759761402809,117495.3698189224,IV1;IV2;year_1;Region_1
M0,7,3,32,33,8,ce6ca82c326e584d8d688a7bedd72e06f508088c933485bfbfa222c82aab7fd0,-0.10416793837777538,807.0156159208707,651274.2043401422,IV1;IV2;year_1;Region_1
M0,7,4,33,33,8,ce6ca82c326e584d8d688a7bedd72e06f508088c933485bfbfa222c82aab7fd0,-0.07227052890363073,349.3096981325429,122017.26520944823,IV1;IV2;year_1;Region_1
M0,7,5,34,33,8,ce6ca82c326e584d8d688a7bedd72e06f508088c933485bfbfa222c82aab7fd0,-0.07522210726082013,2442.693800465537,5966753.0028327685,IV1;IV2;year_1;Region_1
M0,8,1,35,32,9,ce6ca82c326e584d8d688a7bedd72e06f508088c933485bfbfa222c82aab7fd0,-0.783518945656897,297.10201364680324,88269.60651298525,IV1;IV2;year_1;Region_1
M0,8,2,36,33,8,ce6ca82c326e584d8d688a7bedd72e06f508088c933485bfbfa222c82aab7fd0,-0.08592068662392482,2450.502860585346,6004964.269736963,IV1;IV2;year_1;Region_1
M0,8,3,37,33,8,ce6ca82c326e584d8d688a7bedd72e06f508088c933485bfbfa222c82aab7fd0,-8.19558441167846,317.24205535031115,100642.52168288988,IV1;IV2;year_1;Region_1
M0,8,4,38,33,8,ce6ca82c326e584d8d688a7bedd72e06f508088c933485bfbfa222c82aab7fd0,0.0868645032417128,678.5738347732633,460462.4492388921,IV1;IV2;year_1;Region_1
M0,8,5,39,33,8,ce6ca82c326e584d8d688a7bedd72e06f508088c933485bfbfa222c82aab7fd0,-0.21312957214973483,680.8024408549668,463491.96347408055,IV1;IV2;year_1;Region_1
M0,9,1,40,32,9,ce6ca82c326e584d8d688a7bedd72e06f508088c933485bfbfa222c82aab7fd0,-0.2616698025430306,2516.1766403997563,6331144.885693404,IV1;IV2;year_1;Region_1
M0,9,2,41,33,8,ce6ca82c326e584d8d688a7bedd72e06f508088c933485bfbfa222c82aab7fd0,-3.219914706582033,322.3563386534082,103913.6090700308,IV1;IV2;year_1;Region_1
M0,9,3,42,33,8,ce6ca82c326e584d8d688a7bedd72e06f508088c933485bfbfa222c82aab7fd0,-2.4284672594160206,265.76095415101753,70628.88475125923,IV1;IV2;year_1;Region_1
M0,9,4,43,33,8,ce6ca82c326e584d8d688a7bedd72e06f508088c933485bfbfa222c82aab7fd0,0.3352682625227654,370.41200173397567,137205.0510285708,IV1;IV2;year_1;Region_1
M0,9,5,44,33,8,ce6ca82c326e584d8d688a7bedd72e06f508088c933485bfbfa222c82aab7fd0,-1.4664798833106056,416.72774931619097,173662.0170501381,IV1;IV2;year_1;Region_1
M0,10,1,45,32,9,ce6ca82c326e584d8d688a7bedd72e06f508088c933485bfbfa222c82aab7fd0,-0.7002336779374898,384.1715461731655,147587.77688908065,IV1;IV2;year_1;Region_1
M0,10,2,46,33,8,ce6ca82c326e584d8d688a7bedd72e06f508088c933485bfbfa222c82aab7fd0,-1.1592476002722396,248.2959131576946,61650.86049081342,IV1;IV2;year_1;Region_1
M0,10,3,47,33,8,ce6ca82c326e584d8d688a7bedd72e06f508088c933485bfbfa222c82aab7fd0,-0.2925607744881593,248.0803192415492,61543.84479498897,IV1;IV2;year_1;Region_1
M0,10,4,48,33,8,ce6ca82c326e584d8d688a7bedd72e06f508088c933485bfbfa222c82aab7fd0,-0.25288187333422063,2585.00404328306,6682245.903789768,IV1;IV2;year_1;Region_1
M0,10,5,49,33,8,ce6ca82c326e584d8d688a7bedd72e06f508088c933485bfbfa222c82aab7fd0,0.0725559551870869,673.869146446266,454099.626532219,IV1;IV2;year_1;Region_1
M0,11,1,50,32,9,ce6ca82c326e584d8d688a7bedd72e06f508088c933485bfbfa222c82aab7fd0,-0.09369810530631595,2310.8729388817956,5340133.739656187,IV1;IV2;year_1;Region_1
M0,11,2,51,33,8,ce6ca82c326e584d8d688a7bedd72e06f508088c933485bfbfa222c82aab7fd0,-0.00873556969203304,718.469905105591,516199.004542437,IV1;IV2;year_1;Region_1
M0,11,3,52,33,8,ce6ca82c326e584d8d688a7bedd72e06f508088c933485bfbfa222c82aab7fd0,-0.10305282545734062,251.664992839056,63335.26862068211,IV1;IV2;year_1;Region_1
M0,11,4,53,33,8,ce6ca82c326e584d8d688a7bedd72e06f508088c933485bfbfa222c82aab7fd0,0.2839987425357803,402.00248417711566,161605.9972845721,IV1;IV2;year_1;Region_1
M0,11,5,54,33,8,ce6ca82c326e584d8d688a7bedd72e06f508088c933485bfbfa222c82aab7fd0,-0.5316385300078288,585.9938991448419,343388.8498349751,IV1;IV2;year_1;Region_1
M0,12,1,55,32,9,ce6ca82c326e584d8d688a7bedd72e06f508088c933485bfbfa222c82aab7fd0,-0.0851855106270536,2308.111137309479,5327377.022172056,IV1;IV2;year_1;Region_1
M0,12,2,56,33,8,ce6ca82c326e584d8d688a7bedd72e06f508088c933485bfbfa222c82aab7fd0,-0.053588804683180724,733.201862595856,537584.9713140326,IV1;IV2;year_1;Region_1
M0,12,3,57,33,8,ce6ca82c326e584d8d688a7bedd72e06f508088c933485bfbfa222c82aab7fd0,-0.003386908259867649,628.7545023693388,395332.2242497148,IV1;IV2;year_1;Region_1
M0,12,4,58,33,8,ce6ca82c326e584d8d688a7bedd72e06f508088c933485bfbfa222c82aab7fd0,-2.701732855406049,329.351219134002,108472.22554505341,IV1;IV2;year_1;Region_1
M0,12,5,59,33,8,ce6ca82c326e584d8d688a7bedd72e06f508088c933485bfbfa222c82aab7fd0,-9.420204515340032,376.9796907819406,142113.68726204755,IV1;IV2;year_1;Region_1
M0,13,1,60,32,9,ce6ca82c326e584d8d688a7bedd72e06f508088c933485bfbfa222c82aab7fd0,-0.05154657335815993,504.3098937135339,254328.46889735584,IV1;IV2;year_1;Region_1
M0,13,2,61,33,8,ce6ca82c326e584d8d688a7bedd72e06f508088c933485bfbfa222c82aab7fd0,-0.3136717237686739,379.89833759624173,144322.74690838804,IV1;IV2;year_1;Region_1
M0,13,3,62,33,8,ce6ca82c326e584d8d688a7bedd72e06f508088c933485bfbfa222c82aab7fd0,-0.21947818531557872,2527.889801969895,6390226.850903396,IV1;IV2;year_1;Region_1
M0,13,4,63,33,8,ce6ca82c326e584d8d688a7bedd72e06f508088c933485bfbfa222c82aab7fd0,-0.7203687625558881,211.25277118194884,44627.73333205284,IV1;IV2;year_1;Region_1
M0,13,5,64,33,8,ce6ca82c326e584d8d688a7bedd72e06f508088c933485bfbfa222c82aab7fd0,0.08734498706029858,675.0235920389865,455656.84980921616,IV1;IV2;year_1;Region_1
M0,14,1,65,32,9,ce6ca82c326e584d8d688a7bedd72e06f508088c933485bfbfa222c82aab7fd0,-0.06332498794374719,705.6954538733742,498006.0736175475,IV1;IV2;year_1;Region_1
M0,14,2,66,33,8,ce6ca82c326e584d8d688a7bedd72e06f508088c933485bfbfa222c82aab7fd0,-6.4972585785238355,279.6347481064822,78195.59234857577,IV1;IV2;year_1;Region_1
M0,14,3,67,33,8,ce6ca82c326e584d8d688a7bedd72e06f508088c933485bfbfa222c82aab7fd0,-0.19996241662133096,185.32088742098742,34343.83131450229,IV1;IV2;year_1;Region_1
M0,14,4,68,33,8,ce6ca82c326e584d8d688a7bedd72e06f508088c933485bfbfa222c82aab7fd0,-0.12921746079974517,647.2303768000403,418907.1606527221,IV1;IV2;year_1;Region_1
M0,14,5,69,33,8,ce6ca82c326e584d8d688a7bedd72e06f508088c933485bfbfa222c82aab7fd0,-0.09826292731414998,2450.069698694183,6002841.528459405,IV1;IV2;year_1;Region_1
M0,15,1,70,32,9,ce6ca82c326e584d8d688a7bedd72e06f508088c933485bfbfa222c82aab7fd0,-0.2911539422501339,2498.487907165093,6242441.822250206,IV1;IV2;year_1;Region_1
M0,15,2,71,33,8,ce6ca82c326e584d8d688a7bedd72e06f508088c933485bfbfa222c82aab7fd0,-2.0079801450915418,326.5336553937732,106624.22810481943,IV1;IV2;year_1;Region_1
M0,15,3,72,33,8,ce6ca82c326e584d8d688a7bedd72e06f508088c933485bfbfa222c82aab7fd0,-2.7185018992247034,362.9349813526461,131721.80068944558,IV1;IV2;year_1;Region_1
M0,15,4,73,33,8,ce6ca82c326e584d8d688a7bedd72e06f508088c933485bfbfa222c82aab7fd0,-0.16496196842174493,571.2205853328163,326292.9571079653,IV1;IV2;year_1;Region_1
M0,15,5,74,33,8,ce6ca82c326e584d8d688a7bedd72e06f508088c933485bfbfa222c82aab7fd0,-0.09702198712965271,362.2548632686684,131228.5859618016,IV1;IV2;year_1;Region_1
M0,16,1,75,32,9,ce6ca82c326e584d8d688a7bedd72e06f508088c933485bfbfa222c82aab7fd0,-0.09107270748424656,630.657754601246,397729.2034386854,IV1;IV2;year_1;Region_1
M0,16,2,76,33,8,ce6ca82c326e584d8d688a7bedd72e06f508088c933485bfbfa222c82aab7fd0,-0.09856022416622534,2453.6306814161167,6020303.520786517,IV1;IV2;year_1;Region_1
M0,16,3,77,33,8,ce6ca82c326e584d8d688a7bedd72e06f508088c933485bfbfa222c82aab7fd0,-0.12068932015242817,341.27878257522724,116471.20743602923,IV1;IV2;year_1;Region_1
M0,16,4,78,33,8,ce6ca82c326e584d8d688a7bedd72e06f508088c933485bfbfa222c82aab7fd0,-0.7788383690586331,275.025758973999,75639.1680992242,IV1;IV2;year_1;Region_1
M0,16,5,79,33,8,ce6ca82c326e584d8d688a7bedd72e06f508088c933485bfbfa222c82aab7fd0,-0.01547772384429047,718.9278419478752,516857.2419278291,IV1;IV2;year_1;Region_1
M0,17,1,80,32,9,ce6ca82c326e584d8d688a7bedd72e06f508088c933485bfbfa222c82aab7fd0,0.2764014891275096,390.7814826852179,152710.16720965726,IV1;IV2;year_1;Region_1
M0,17,2,81,33,8,ce6ca82c326e584d8d688a7bedd72e06f508088c933485bfbfa222c82aab7fd0,-0.10796561775412838,863.0819523206409,744910.4564216089,IV1;IV2;year_1;Region_1
M0,17,3,82,33,8,ce6ca82c326e584d8d688a7bedd72e06f508088c933485bfbfa222c82aab7fd0,-0.09754968600220737,2437.813276053969,5942933.568904984,IV1;IV2;year_1;Region_1
M0,17,4,83,33,8,ce6ca82c326e584d8d688a7bedd72e06f508088c933485bfbfa222c82aab7fd0,-2.4622874177082177,570.0999388387745,325013.9402639745,IV1;IV2;year_1;Region_1
M0,17,5,84,33,8,ce6ca82c326e584d8d688a7bedd72e06f508088c933485bfbfa222c82aab7fd0,-0.7684535442134406,214.6419125131617,46071.15060730777,IV1;IV2;year_1;Region_1
M0,18,1,85,32,9,ce6ca82c326e584d8d688a7bedd72e06f508088c933485bfbfa222c82aab7fd0,-0.1224320913287118,2369.768040475127,5615800.565657322,IV1;IV2;year_1;Region_1
M0,18,2,86,33,8,ce6ca82c326e584d8d688a7bedd72e06f508088c933485bfbfa222c82aab7fd0,0.0009284575370552828,724.1379803054509,524375.8145208576,IV1;IV2;year_1;Region_1
M0,18,3,87,33,8,ce6ca82c326e584d8d688a7bedd72e06f508088c933485bfbfa222c82aab7fd0,-1.3244395694305906,241.43488226748397,58290.80237551385,IV1;IV2;year_1;Region_1
M0,18,4,88,33,8,ce6ca82c326e584d8d688a7bedd72e06f508088c933485bfbfa222c82aab7fd0,-0.00426986208217639,416.69721748670923,173636.57106116586,IV1;IV2;year_1;Region_1
M0,18,5,89,33,8,ce6ca82c326e584d8d688a7bedd72e06f508088c933485bfbfa222c82aab7fd0,-0.06442083286606404,335.16275410873254,112334.07174175073,IV1;IV2;year_1;Region_1
M0,19,1,90,32,9,ce6ca82c326e584d8d688a7bedd72e06f508088c933485bfbfa222c82aab7fd0,-0.012801807045288438,606.3194419859361,367623.26573013695,IV1;IV2;year_1;Region_1
M0,19,2,91,33,8,ce6ca82c326e584d8d688a7bedd72e06f508088c933485bfbfa222c82aab7fd0,-0.5040490931930635,255.35315424587887,65205.2333833196,IV1;IV2;year_1;Region_1
M0,19,3,92,33,8,ce6ca82c326e584d8d688a7bedd72e06f508088c933485bfbfa222c82aab7fd0,-0.46620090400267955,403.54710891611995,162850.26911455876,IV1;IV2;year_1;Region_1
M0,19,4,93,33,8,ce6ca82c326e584d8d688a7bedd72e06f508088c933485bfbfa222c82aab7fd0,-0.011266576473101697,702.5398574718917,493562.2513366258,IV1;IV2;year_1;Region_1
M0,19,5,94,33,8,ce6ca82c326e584d8d688a7bedd72e06f508088c933485bfbfa222c82aab7fd0,-0.08780729596942694,2421.32430189931,5862811.3749681795,IV1;IV2;year_1;Region_1
M0,20,1,95,32,9,ce6ca82c326e584d8d688a7bedd72e06f508088c933485bfbfa222c82aab7fd0,-0.0641626035079228,520.6635677876656,271090.55082138104,IV1;IV2;year_1;Region_1
M0,20,2,96,33,8,ce6ca82c326e584d8d688a7bedd72e06f508088c933485bfbfa222c82aab7fd0,-0.1909425871029231,2534.738318198059,6424898.341741525,IV1;IV2;year_1;Region_1
M0,20,3,97,33,8,ce6ca82c326e584d8d688a7bedd72e06f508088c933485bfbfa222c82aab7fd0,-3.8124851861472235,256.95482710379724,66025.78317194234,IV1;IV2;year_1;Region_1
M0,20,4,98,33,8,ce6ca82c326e584d8d688a7bedd72e06f508088c933485bfbfa222c82aab7fd0,-0.009314776998426533,672.0550743097126,451658.0229054333,IV1;IV2;year_1;Region_1
M0,20,5,99,33,8,ce6ca82c326e584d8d688a7bedd72e06f508088c933485bfbfa222c82aab7fd0,-2.188720563157951,317.67779232740685,100919.17973801502,IV1;IV2;year_1;Region_1
M1,1,1,0,32,9,ce6ca82c326e584d8d688a7bedd72e06f508088c933485bfbfa222c82aab7fd0,-1.8170793206208664,314.455136067195,98882.03259903811,IV1;IV2;year_1;Region_1;PMC_T
M1,1,2,1,33,8,ce6ca82c326e584d8d688a7bedd72e06f508088c933485bfbfa222c82aab7fd0,-0.5052040522818841,221.3989919549781,49017.51363868046,IV1;IV2;year_1;Region_1;PMC_T
M1,1,3,2,33,8,ce6ca82c326e584d8d688a7bedd72e06f508088c933485bfbfa222c82aab7fd0,-0.36859046416398633,874.1079898798944,764064.7779718696,IV1;IV2;year_1;Region_1;PMC_T
M1,1,4,3,33,8,ce6ca82c326e584d8d688a7bedd72e06f508088c933485bfbfa222c82aab7fd0,-0.32339775896687684,573.4190561921545,328809.41400430124,IV1;IV2;year_1;Region_1;PMC_T
M1,1,5,4,33,8,ce6ca82c326e584d8d688a7bedd72e06f508088c933485bfbfa222c82aab7fd0,-0.05632737900086138,2433.41958445331,5921530.874000921,IV1;IV2;year_1;Region_1;PMC_T
M1,2,1,5,32,9,ce6ca82c326e584d8d688a7bedd72e06f508088c933485bfbfa222c82aab7fd0,-0.14246242757410577,2373.861593262474,5635218.86396665,IV1;IV2;year_1;Region_1;PMC_T
M1,2,2,6,33,8,ce6ca82c326e584d8d688a7bedd72e06f508088c933485bfbfa222c82aab7fd0,-0.26239622440479904,591.7615355537465,350181.71496092796,IV1;IV2;year_1;Region_1;PMC_T
M1,2,3,7,33,8,ce6ca82c326e584d8d688a7bedd72e06f508088c933485bfbfa222c82aab7fd0,-0.5464898534074605,375.73309346673426,141175.35752608164,IV1;IV2;year_1;Region_1;PMC_T
M1,2,4,8,33,8,ce6ca82c326e584d8d688a7bedd72e06f508088c933485bfbfa222c82aab7fd0,-0.00485539216373998,721.2370564802676,520182.8916403207,IV1;IV2;year_1;Region_1;PMC_T
M1,2,5,9,33,8,ce6ca82c326e584d8d688a7bedd72e06f508088c933485bfbfa222c82aab7fd0,-1.0229411183636072,284.997167398942,81223.38542542057,IV1;IV2;year_1;Region_1;PMC_T
M1,3,1,10,32,9,ce6ca82c326e584d8d688a7bedd72e06f508088c933485bfbfa222c82aab7fd0,0.050028862181271117,662.219624845043,438534.8315299095,IV1;IV2;year_1;Region_1;PMC_T
M1,3,2,11,33,8,ce6ca82c326e584d8d688a7bedd72e06f508088c933485bfbfa222c82aab7fd0,-0.7321219407414685,258.2938400168927,66715.70779067218,IV1;IV2;year_1;Region_1;PMC_T
M1,3,3,12,33,8,ce6ca82c326e584d8d688a7bedd72e06f508088c933485bfbfa222c82aab7fd0,-0.2499597639690121,2587.523177860105,6695276.195963256,IV1;IV2;year_1;Region_1;PMC_T
M1,3,4,13,33,8,ce6ca82c326e584d8d688a7bedd72e06f508088c933485bfbfa222c82aab7fd0,-0.22489433133238834,371.7882724924598,138226.51956292754,IV1;IV2;year_1;Region_1;PMC_T
M1,3,5,14,33,8,ce6ca82c326e584d8d688a7bedd72e06f508088c933485bfbfa222c82aab7fd0,-3.992967510091007,298.25876763029464,88958.29246834209,IV1;IV2;year_1;Region_1;PMC_T
M1,4,1,15,32,9,ce6ca82c326e584d8d688a7bedd72e06f508088c933485bfbfa222c82aab7fd0,-0.026495588439459095,671.9060212520507,451457.7013947611,IV1;IV2;year_1;Region_1;PMC_T
M1,4,2,16,33,8,ce6ca82c326e584d8d688a7bedd72e06f508088c933485bfbfa222c82aab7fd0,-0.10039716303121704,2442.1457398671123,5964075.814751085,IV1;IV2;year_1;Region_1;PMC_T
M1,4,3,17,33,8,ce6ca82c326e584d8d688a7bedd72e06f508088c933485bfbfa222c82aab7fd0,-0.11724521187285442,211.4902339451977,44728.11905419445,IV1;IV2;year_1;Region_1;PMC_T
M1,4,4,18,33,8,ce6ca82c326e584d8d688a7bedd72e06f508088c933485bfbfa222c82aab7fd0,-7.202830691156672,317.2687879793755,100659.4838259019,IV1;IV2;year_1;Region_1;PMC_T
M1,4,5,19,33,8,ce6ca82c326e584d8d688a7bedd72e06f508088c933485bfbfa222c82aab7fd0,-0.10730794993558423,647.9160068140446,419795.1518858571,IV1;IV2;year_1;Region_1;PMC_T
M1,5,1,20,32,9,ce6ca82c326e584d8d688a7bedd72e06f508088c933485bfbfa222c82aab7fd0,-0.3995372082874329,949.3377605881783,901242.1836785773,IV1;IV2;year_1;Region_1;PMC_T
M1,5,2,21,33,8,ce6ca82c326e584d8d688a7bedd72e06f508088c933485bfbfa222c82aab7fd0,-0.36700995029478345,385.5751055906423,148668.16205123498,IV1;IV2;year_1;Region_1;PMC_T
M1,5,3,22,33,8,ce6ca82c326e584d8d688a7bedd72e06f508088c933485bfbfa222c82aab7fd0,-7.212815394946116,462.49031859347957,213897.29479269826,IV1;IV2;year_1;Region_1;PMC_T
M1,5,4,23,33,8,ce6ca82c326e584d8d688a7bedd72e06f508088c933485bfbfa222c82aab7fd0,-0.7199117146459335,238.3263917496646,56799.4690044146,IV1;IV2;year_1;Region_1;PMC_T
M1,5,5,24,33,8,ce6ca82c326e584d8d688a7bedd72e06f508088c933485bfbfa222c82aab7fd0,-0.11641593619271196,2458.9146004309173,6046261.012212337,IV1;IV2;year_1;Region_1;PMC_T
M1,6,1,25,32,9,ce6ca82c326e584d8d688a7bedd72e06f508088c933485bfbfa222c82aab7fd0,-0.39222699429110053,239.84837548431835,57527.24322246656,IV1;IV2;year_1;Region_1;PMC_T
M1,6,2,26,33,8,ce6ca82c326e584d8d688a7bedd72e06f508088c933485bfbfa222c82aab7fd0,0.30314124535992626,378.0421577610373,142915.87304462102,IV1;IV2;year_1;Region_1;PMC_T
M1,6,3,27,33,8,ce6ca82c326e584d8d688a7bedd72e06f508088c933485bfbfa222c82aab7fd0,-0.12832110987397072,2445.011288663565,5978080.201692268,IV1;IV2;year_1;Region_1;PMC_T
M1,6,4,28,33,8,ce6ca82c326e584d8d688a7bedd72e06f508088c933485bfbfa222c82aab7fd0,-1.7689141693395007,546.4068138886239,298560.40626391734,IV1;IV2;year_1;Region_1;PMC_T
M1,6,5,29,33,8,ce6ca82c326e584d8d688a7bedd72e06f508088c933485bfbfa222c82aab7fd0,-0.1767183856673129,880.5725233688376,775407.968912162,IV1;IV2;year_1;Region_1;PMC_T
M1,7,1,30,32,9,ce6ca82c326e584d8d688a7bedd72e06f508088c933485bfbfa222c82aab7fd0,-0.2607656812262449,534.9989985996127,286223.9285025884,IV1;IV2;year_1;Region_1;PMC_T
M1,7,2,31,33,8,ce6ca82c326e584d8d688a7bedd72e06f508088c933485bfbfa222c82aab7fd0,-2.027564596322575,303.0865457828206,91861.45423456182,IV1;IV2;year_1;Region_1;PMC_T
M1,7,3,32,33,8,ce6ca82c326e584d8d688a7bedd72e06f508088c933485bfbfa222c82aab7fd0,-0.17242170666401235,831.5843308873416,691532.4993773476,IV1;IV2;year_1;Region_1;PMC_T
M1,7,4,33,33,8,ce6ca82c326e584d8d688a7bedd72e06f508088c933485bfbfa222c82aab7fd0,-0.315659036480352,386.9279791143538,149713.2610215178,IV1;IV2;year_1;Region_1;PMC_T
M1,7,5,34,33,8,ce6ca82c326e584d8d688a7bedd72e06f508088c933485bfbfa222c82aab7fd0,-0.07535025480249535,2442.8393591725535,5967464.134722573,IV1;IV2;year_1;Region_1;PMC_T
M1,8,1,35,32,9,ce6ca82c326e584d8d688a7bedd72e06f508088c933485bfbfa222c82aab7fd0,-0.3017149030351054,253.81931650173357,64424.245429407194,IV1;IV2;year_1;Region_1;PMC_T
M1,8,2,36,33,8,ce6ca82c326e584d8d688a7bedd72e06f508088c933485bfbfa222c82aab7fd0,-0.0849441218330671,2449.4007482920174,5999564.025733494,IV1;IV2;year_1;Region_1;PMC_T
M1,8,3,37,33,8,ce6ca82c326e584d8d688a7bedd72e06f508088c933485bfbfa222c82aab7fd0,-10.690964642173137,357.7060295543087,127953.60357950798,IV1;IV2;year_1;Region_1;PMC_T
M1,8,4,38,33,8,ce6ca82c326e584d8d688a7bedd72e06f508088c933485bfbfa222c82aab7fd0,0.025572437670732473,700.9778203549635,491369.90462959534,IV1;IV2;year_1;Region_1;PMC_T
M1,8,5,39,33,8,ce6ca82c326e584d8d688a7bedd72e06f508088c933485bfbfa222c82aab7fd0,-0.25344945263285146,692.0236262529171,478896.6992922371,IV1;IV2;year_1;Region_1;PMC_T
M1,9,1,40,32,9,ce6ca82c326e584d8d688a7bedd72e06f508088c933485bfbfa222c82aab7fd0,-0.26094545274805325,2515.4542431046575,6327510.049153225,IV1;IV2;year_1;Region_1;PMC_T
M1,9,2,41,33,8,ce6ca82c326e584d8d688a7bedd72e06f508088c933485bfbfa222c82aab7fd0,-3.7027144135386596,340.29743900585396,115802.3469939429,IV1;IV2;year_1;Region_1;PMC_T
M1,9,3,42,33,8,ce6ca82c326e584d8d688a7bedd72e06f508088c933485bfbfa222c82aab7fd0,-3.387929608451933,300.6567766652026,90394.49735470951,IV1;IV2;year_1;Region_1;PMC_T
M1,9,4,43,33,8,ce6ca82c326e584d8d688a7bedd72e06f508088c933485bfbfa222c82aab7fd0,0.3040643267284966,379.0062676001587,143645.7508802031,IV1;IV2;year_1;Region_1;PMC_T
M1,9,5,44,33,8,ce6ca82c326e584d8d688a7bedd72e06f508088c933485bfbfa222c82aab7fd0,-1.4359033505103818,414.1366422785095,171509.15847771816,IV1;IV2;year_1;Region_1;PMC_T
M1,10,1,45,32,9,ce6ca82c326e584d8d688a7bedd72e06f508088c933485bfbfa222c82aab7fd0,-0.5629333257597047,368.3334103495302,135669.5011797154,IV1;IV2;year_1;Region_1;PMC_T
M1,10,2,46,33,8,ce6ca82c326e584d8d688a7bedd72e06f508088c933485bfbfa222c82aab7fd0,-0.8161429951567152,227.71590666795194,51854.5341496074,IV1;IV2;year_1;Region_1;PMC_T
M1,10,3,47,33,8,ce6ca82c326e584d8d688a7bedd72e06f508088c933485bfbfa222c82aab7fd0,-0.4660436252065603,264.20453806184133,69804.03793247096,IV1;IV2;year_1;Region_1;PMC_T
M1,10,4,48,33,8,ce6ca82c326e584d8d688a7bedd72e06f508088c933485bfbfa222c82aab7fd0,-0.24717281987075324,2579.1077265543227,6651796.665172206,IV1;IV2;year_1;Region_1;PMC_T
M1,10,5,49,33,8,ce6ca82c326e584d8d688a7bedd72e06f508088c933485bfbfa222c82aab7fd0,0.0731962594434672,673.6364877839169,453786.1176738512,IV1;IV2;year_1;Region_1;PMC_T
M1,11,1,50,32,9,ce6ca82c326e584d8d688a7bedd72e06f508088c933485bfbfa222c82aab7fd0,-0.0953112453763465,2312.5765114545547,5348010.121331318,IV1;IV2;year_1;Region_1;PMC_T
M1,11,2,51,33,8,ce6ca82c326e584d8d688a7bedd72e06f508088c933485bfbfa222c82aab7fd0,0.005401119170172608,713.4177277362102,508964.85424829734,IV1;IV2;year_1;Region_1;PMC_T
M1,11,3,52,33,8,ce6ca82c326e584d8d688a7bedd72e06f508088c933485bfbfa222c82aab7fd0,-0.18868351731110877,261.25088664847624,68252.02577461499,IV1;IV2;year_1;Region_1;PMC_T
M1,11,4,53,33,8,ce6ca82c326e584d8d688a7bedd72e06f508088c933485bfbfa222c82aab7fd0,0.22711000697499595,417.6675035378925,174446.14351157547,IV1;IV2;year_1;Region_1;PMC_T
M1,11,5,54,33,8,ce6ca82c326e584d8d688a7bedd72e06f508088c933485bfbfa222c82aab7fd0,-0.39767563514194193,559.7809956979681,313354.76314460865,IV1;IV2;year_1;Region_1;PMC_T
M1,12,1,55,32,9,ce6ca82c326e584d8d688a7bedd72e06f508088c933485bfbfa222c82aab7fd0,-0.09055983112512789,2313.8194740891527,5353760.558674202,IV1;IV2;year_1;Region_1;PMC_T
M1,12,2,56,33,8,ce6ca82c326e584d8d688a7bedd72e06f508088c933485bfbfa222c82aab7fd0,-0.08920151792033448,745.4904852655719,555756.063621498,IV1;IV2;year_1;Region_1;PMC_T
M1,12,3,57,33,8,ce6ca82c326e584d8d688a7bedd72e06f508088c933485bfbfa222c82aab7fd0,-0.014870369676029727,632.3422195835607,399856.68266786414,IV1;IV2;year_1;Region_1;PMC_T
M1,12,4,58,33,8,ce6ca82c326e584d8d688a7bedd72e06f508088c933485bfbfa222c82aab7fd0,-2.430063855993601,317.03546069630573,100511.48333891883,IV1;IV2;year_1;Region_1;PMC_T
M1,12,5,59,33,8,ce6ca82c326e584d8d688a7bedd72e06f508088c933485bfbfa222c82aab7fd0,-6.897986596730178,328.19958580602446,107714.96812324601,IV1;IV2;year_1;Region_1;PMC_T
M1,13,1,60,32,9,ce6ca82c326e584d8d688a7bedd72e06f508088c933485bfbfa222c82aab7fd0,-0.10205997245340015,516.280648057949,266545.70755913574,IV1;IV2;year_1;Region_1;PMC_T
M1,13,2,61,33,8,ce6ca82c326e584d8d688a7bedd72e06f508088c933485bfbfa222c82aab7fd0,-0.18894854397407812,361.4144369818001,130620.39525887158,IV1;IV2;year_1;Region_1;PMC_T
M1,13,3,62,33,8,ce6ca82c326e584d8d688a7bedd72e06f508088c933485bfbfa222c82aab7fd0,-0.22207717840858532,2530.5821302973086,6403845.918180065,IV1;IV2;year_1;Region_1;PMC_T
M1,13,4,63,33,8,ce6ca82c326e584d8d688a7bedd72e06f508088c933485bfbfa222c82aab7fd0,-0.6578183952828562,207.37677565170083,43005.127079695856,IV1;IV2;year_1;Region_1;PMC_T
M1,13,5,64,33,8,ce6ca82c326e584d8d688a7bedd72e06f508088c933485bfbfa222c82aab7fd0,0.08006745742986754,677.7095740762286,459290.2667945831,IV1;IV2;year_1;Region_1;PMC_T
M1,14,1,65,32,9,ce6ca82c326e584d8d688a7bedd72e06f508088c933485bfbfa222c82aab7fd0,-0.07997625190665913,711.1994508479045,505804.6588863608,IV1;IV2;year_1;Region_1;PMC_T
M1,14,2,66,33,8,ce6ca82c326e584d8d688a7bedd72e06f508088c933485bfbfa222c82aab7fd0,-7.350886223239547,295.12511911191086,87098.83593081956,IV1;IV2;year_1;Region_1;PMC_T
M1,14,3,67,33,8,ce6ca82c326e584d8d688a7bedd72e06f508088c933485bfbfa222c82aab7fd0,-0.05307675829558245,173.60833146680466,30139.852754687912,IV1;IV2;year_1;Region_1;PMC_T
M1,14,4,68,33,8,ce6ca82c326e584d8d688a7bedd72e06f508088c933485bfbfa222c82aab7fd0,-0.046883367429345624,623.1882403663903,388363.58293095796,IV1;IV2;year_1;Region_1;PMC_T
M1,14,5,69,33,8,ce6ca82c326e584d8d688a7bedd72e06f508088c933485bfbfa222c82aab7fd0,-0.10068136426700369,2452.7658111427254,6016060.124310631,IV1;IV2;year_1;Region_1;PMC_T
M1,15,1,70,32,9,ce6ca82c326e584d8d688a7bedd72e06f508088c933485bfbfa222c82aab7fd0,-0.2865268513104209,2494.0069903321146,6220070.867825452,IV1;IV2;year_1;Region_1;PMC_T
M1,15,2,71,33,8,ce6ca82c326e584d8d688a7bedd72e06f508088c933485bfbfa222c82aab7fd0,-2.0864766617294244,330.76684147254895,109406.70341772633,IV1;IV2;year_1;Region_1;PMC_T
M1,15,3,72,33,8,ce6ca82c326e584d8d688a7bedd72e06f508088c933485bfbfa222c82aab7fd0,-1.2770245143999581,284.00676096564973,80659.84027419971,IV1;IV2;year_1;Region_1;PMC_T
M1,15,4,73,33,8,ce6ca82c326e584d8d688a7bedd72e06f508088c933485bfbfa222c82aab7fd0,-0.16166746431939694,570.4123096168452,325370.2029624237,IV1;IV2;year_1;Region_1;PMC_T
M1,15,5,74,33,8,ce6ca82c326e584d8d688a7bedd72e06f508088c933485bfbfa222c82aab7fd0,-0.17195466610773558,374.42252250644526,140192.2253600895,IV1;IV2;year_1;Region_1;PMC_T
M1,16,1,75,32,9,ce6ca82c326e584d8d688a7bedd72e06f508088c933485bfbfa222c82aab7fd0,-0.07518814797901063,626.0501562404602,391938.79812870466,IV1;IV2;year_1;Region_1;PMC_T
M1,16,2,76,33,8,ce6ca82c326e584d8d688a7bedd72e06f508088c933485bfbfa222c82aab7fd0,-0.10115194952454631,2456.5232814361125,6034506.632237647,IV1;IV2;year_1;Region_1;PMC_T
M1,16,3,77,33,8,ce6ca82c326e584d8d688a7bedd72e06f508088c933485bfbfa222c82aab7fd0,-0.07945952037193194,334.94218778858715,112186.26916060517,IV1;IV2;year_1;Region_1;PMC_T
M1,16,4,78,33,8,ce6ca82c326e584d8d688a7bedd72e06f508088c933485bfbfa222c82aab7fd0,-0.5190994737032508,254.15475200524853,64594.637966849376,IV1;IV2;year_1;Region_1;PMC_T
M1,16,5,79,33,8,ce6ca82c326e584d8d688a7bedd72e06f508088c933485bfbfa222c82aab7fd0,-0.0011569273310521044,713.840494452659,509568.2515204167,IV1;IV2;year_1;Region_1;PMC_T
M1,17,1,80,32,9,ce6ca82c326e584d8d688a7bedd72e06f508088c933485bfbfa222c82aab7fd0,0.23977992524305947,400.54822444756775,160438.8801080991,IV1;IV2;year_1;Region_1;PMC_T
M1,17,2,81,33,8,ce6ca82c326e584d8d688a7bedd72e06f508088c933485bfbfa222c82aab7fd0,-0.1524765376950712,880.2477828037025,774836.1591308343,IV1;IV2;year_1;Region_1;PMC_T
M1,17,3,82,33,8,ce6ca82c326e584d8d688a7bedd72e06f508088c933485bfbfa222c82aab7fd0,-0.10245153355346148,2443.251060075698,5969475.742561024,IV1;IV2;year_1;Region_1;PMC_T
M1,17,4,83,33,8,ce6ca82c326e584d8d688a7bedd72e06f508088c933485bfbfa222c82aab7fd0,-1.795394477772716,512.2606392485012,262410.9625232831,IV1;IV2;year_1;Region_1;PMC_T
M1,17,5,84,33,8,ce6ca82c326e584d8d688a7bedd72e06f508088c933485bfbfa222c82aab7fd0,-0.6618275850949731,208.07058264991807,43293.36736427638,IV1;IV2;year_1;Region_1;PMC_T
M1,18,1,85,32,9,ce6ca82c326e584d8d688a7bedd72e06f508088c933485bfbfa222c82aab7fd0,-0.11824608634418676,2365.3449992105325,5594856.965290274,IV1;IV2;year_1;Region_1;PMC_T
M1,18,2,86,33,8,ce6ca82c326e584d8d688a7bedd72e06f508088c933485bfbfa222c82aab7fd0,-0.024903697814496306,733.4399500794545,537934.1603725528,IV1;IV2;year_1;Region_1;PMC_T
M1,18,3,87,33,8,ce6ca82c326e584d8d688a7bedd72e06f508088c933485bfbfa222c82aab7fd0,-1.2319315861150946,236.58179683597513,55970.946594138615,IV1;IV2;year_1;Region_1;PMC_T
M1,18,4,88,33,8,ce6ca82c326e584d8d688a7bedd72e06f508088c933485bfbfa222c82aab7fd0,0.04813690187134334,405.67909690412637,164575.52966494753,IV1;IV2;year_1;Region_1;PMC_T
M1,18,5,89,33,8,ce6ca82c326e584d8d688a7bedd72e06f508088c933485bfbfa222c82aab7fd0,-0.07361472337755326,336.6071190531035,113304.35259723017,IV1;IV2;year_1;Region_1;PMC_T
M1,19,1,90,32,9,ce6ca82c326e584d8d688a7bedd72e06f508088c933485bfbfa222c82aab7fd0,-0.01561758594884477,607.1616978456693,368645.32733083586,IV1;IV2;year_1;Region_1;PMC_T
M1,19,2,91,33,8,ce6ca82c326e584d8d688a7bedd72e06f508088c933485bfbfa222c82aab7fd0,-1.0917583682932621,301.1382888637356,90684.26901977869,IV1;IV2;year_1;Region_1;PMC_T
M1,19,3,92,33,8,ce6ca82c326e584d8d688a7bedd72e06f508088c933485bfbfa222c82aab7fd0,-0.3426146012765243,386.16524254315914,149123.59454841694,IV1;IV2;year_1;Region_1;PMC_T
M1,19,4,93,33,8,ce6ca82c326e584d8d688a7bedd72e06f508088c933485bfbfa222c82aab7fd0,-0.0003166025577381326,698.7259615334938,488217.96932090545,IV1;IV2;year_1;Region_1;PMC_T
M1,19,5,94,33,8,ce6ca82c326e584d8d688a7bedd72e06f508088c933485bfbfa222c82aab7fd0,-0.0947537853086573,2429.0430114576266,5900249.951511134,IV1;IV2;year_1;Region_1;PMC_T
M1,20,1,95,32,9,ce6ca82c326e584d8d688a7bedd72e06f508088c933485bfbfa222c82aab7fd0,-0.06884850558576283,521.8086458852813,272284.2629206309,IV1;IV2;year_1;Region_1;PMC_T
M1,20,2,96,33,8,ce6ca82c326e584d8d688a7bedd72e06f508088c933485bfbfa222c82aab7fd0,-0.19149107449645975,2535.321936582883,6427857.322118381,IV1;IV2;year_1;Region_1;PMC_T
M1,20,3,97,33,8,ce6ca82c326e584d8d688a7bedd72e06f508088c933485bfbfa222c82aab7fd0,-3.16109187586852,238.9327767921642,57088.87182561415,IV1;IV2;year_1;Region_1;PMC_T
M1,20,4,98,33,8,ce6ca82c326e584d8d688a7bedd72e06f508088c933485bfbfa222c82aab7fd0,-0.029287970157982013,678.6721021461013,460595.82223140827,IV1;IV2;year_1;Region_1;PMC_T
M1,20,5,99,33,8,ce6ca82c326e584d8d688a7bedd72e06f508088c933485bfbfa222c82aab7fd0,-2.0507468367095103,310.72894433574373,96552.47684800572,IV1;IV2;year_1;Region_1;PMC_T
M2,1,1,0,32,9,ce6ca82c326e584d8d688a7bedd72e06f508088c933485bfbfa222c82aab7fd0,-1.778206376969504,312.27801253181366,97517.55711081956,IV1;IV2;year_1;Region_1;PMC_I
M2,1,2,1,33,8,ce6ca82c326e584d8d688a7bedd72e06f508088c933485bfbfa222c82aab7fd0,-0.3565473592903303,210.18195625925372,44176.45473696684,IV1;IV2;year_1;Region_1;PMC_I
M2,1,3,2,33,8,ce6ca82c326e584d8d688a7bedd72e06f508088c933485bfbfa222c82aab7fd0,-0.38278435025896695,878.6290597524562,771989.0246414853,IV1;IV2;year_1;Region_1;PMC_I
M2,1,4,3,33,8,ce6ca82c326e584d8d688a7bedd72e06f508088c933485bfbfa222c82aab7fd0,-0.3041187404167611,569.2270004943105,324019.3780917497,IV1;IV2;year_1;Region_1;PMC_I
M2,1,5,4,33,8,ce6ca82c326e584d8d688a7bedd72e06f508088c933485bfbfa222c82aab7fd0,-0.05814838807580469,2435.5161745359446,5931739.036426202,IV1;IV2;year_1;Region_1;PMC_I
M2,2,1,5,32,9,ce6ca82c326e584d8d688a7bedd72e06f508088c933485bfbfa222c82aab7fd0,-0.1433767880332446,2374.8113536218325,5639728.965291161,IV1;IV2;year_1;Region_1;PMC_I
M2,2,2,6,33,8,ce6ca82c326e584d8d688a7bedd72e06f508088c933485bfbfa222c82aab7fd0,-0.29373423789485,599.0615212069891,358874.70619083184,IV1;IV2;year_1;Region_1;PMC_I
M2,2,3,7,33,8,ce6ca82c326e584d8d688a7bedd72e06f508088c933485bfbfa222c82aab7fd0,-0.5111289747023109,371.41263782720284,137947.34753776094,IV1;IV2;year_1;Region_1;PMC_I
M2,2,4,8,33,8,ce6ca82c326e584d8d688a7bedd72e06f508088c933485bfbfa222c82aab7fd0,0.0359253335562133,706.4502513804258,499071.95767546684,IV1;IV2;year_1;Region_1;PMC_I
M2,2,5,9,33,8,ce6ca82c326e584d8d688a7bedd72e06f508088c933485bfbfa222c82aab7fd0,-0.9516013016321843,279.92679523415353,78359.01069006373,IV1;IV2;year_1;Region_1;PMC_I
M2,3,1,10,32,9,ce6ca82c326e584d8d688a7bedd72e06f508088c933485bfbfa222c82aab7fd0,0.07382052399796535,653.8745256709326,427551.89532138704,IV1;IV2;year_1;Region_1;PMC_I
M2,3,2,11,33,8,ce6ca82c326e584d8d688a7bedd72e06f508088c933485bfbfa222c82aab7fd0,-0.7632014774974545,260.60082605116537,67912.79053854974,IV1;IV2;year_1;Region_1;PMC_I
M2,3,3,12,33,8,ce6ca82c326e584d8d688a7bedd72e06f508088c933485bfbfa222c82aab7fd0,-0.24771441432462726,2585.1981007281634,6683249.220008504,IV1;IV2;year_1;Region_1;PMC_I
M2,3,4,13,33,8,ce6ca82c326e584d8d688a7bedd72e06f508088c933485bfbfa222c82aab7fd0,-0.16219410271341062,362.1476803510559,131150.94238365057,IV1;IV2;year_1;Region_1;PMC_I
M2,3,5,14,33,8,ce6ca82c326e584d8d688a7bedd72e06f508088c933485bfbfa222c82aab7fd0,-3.720873117811137,290.0180399582033,84110.463501198,IV1;IV2;year_1;Region_1;PMC_I
M2,4,1,15,32,9,ce6ca82c326e584d8d688a7bedd72e06f508088c933485bfbfa222c82aab7fd0,-0.009089200780768358,666.1848754717284,443802.2883072824,IV1;IV2;year_1;Region_1;PMC_I
M2,4,2,16,33,8,ce6ca82c326e584d8d688a7bedd72e06f508088c933485bfbfa222c82aab7fd0,-0.10551868251522589,2447.8223164410792,5991834.092866971,IV1;IV2;year_1;Region_1;PMC_I
M2,4,3,17,33,8,ce6ca82c326e584d8d688a7bedd72e06f508088c933485bfbfa222c82aab7fd0,-0.13484914091591382,213.14989997286062,45432.87985844049,IV1;IV2;year_1;Region_1;PMC_I
M2,4,4,18,33,8,ce6ca82c326e584d8d688a7bedd72e06f508088c933485bfbfa222c82aab7fd0,-7.771359822810309,328.07938281494006,107636.08142823199,IV1;IV2;year_1;Region_1;PMC_I
M2,4,5,19,33,8,ce6ca82c326e584d8d688a7bedd72e06f508088c933485bfbfa222c82aab7fd0,-0.10171811143675402,646.2785543886409,417675.96986267157,IV1;IV2;year_1;Region_1;PMC_I
M2,5,1,20,32,9,ce6ca82c326e584d8d688a7bedd72e06f508088c933485bfbfa222c82aab7fd0,-0.3997800200148627,949.420109361404,901398.5440598202,IV1;IV2;year_1;Region_1;PMC_I
M2,5,2,21,33,8,ce6ca82c326e584d8d688a7bedd72e06f508088c933485bfbfa222c82aab7fd0,-0.4256631445563499,393.7600120231016,155046.9470684331,IV1;IV2;year_1;Region_1;PMC_I
M2,5,3,22,33,8,ce6ca82c326e584d8d688a7bedd72e06f508088c933485bfbfa222c82aab7fd0,-7.328978353607512,465.74959099353094,216922.68151064139,IV1;IV2;year_1;Region_1;PMC_I
M2,5,4,23,33,8,ce6ca82c326e584d8d688a7bedd72e06f508088c933485bfbfa222c82aab7fd0,-0.439349158082484,218.02291383505272,47533.99095712682,IV1;IV2;year_1;Region_1;PMC_I
M2,5,5,24,33,8,ce6ca82c326e584d8d688a7bedd72e06f508088c933485bfbfa222c82aab7fd0,-0.11489807028109755,2457.2424762734727,6038040.587202589,IV1;IV2;year_1;Region_1;PMC_I
M2,6,1,25,32,9,ce6ca82c326e584d8d688a7bedd72e06f508088c933485bfbfa222c82aab7fd0,-0.26741276295340866,228.84466606837955,52369.88118794815,IV1;IV2;year_1;Region_1;PMC_I
M2,6,2,26,33,8,ce6ca82c326e584d8d688a7bedd72e06f508088c933485bfbfa222c82aab7fd0,0.3025439514967645,378.20413742691295,143038.36956683526,IV1;IV2;year_1;Region_1;PMC_I
M2,6,3,27,33,8,ce6ca82c326e584d8d688a7bedd72e06f508088c933485bfbfa222c82aab7fd0,-0.13437503546882623,2451.5617797973678,6010155.160163237,IV1;IV2;year_1;Region_1;PMC_I
M2,6,4,28,33,8,ce6ca82c326e584d8d688a7bedd72e06f508088c933485bfbfa222c82aab7fd0,-1.796769149478254,549.1483333224687,301563.8919908452,IV1;IV2;year_1;Region_1;PMC_I
M2,6,5,29,33,8,ce6ca82c326e584d8d688a7bedd72e06f508088c933485bfbfa222c82aab7fd0,-0.14668342709285587,869.2618669421547,755616.1933197604,IV1;IV2;year_1;Region_1;PMC_I
M2,7,1,30,32,9,ce6ca82c326e584d8d688a7bedd72e06f508088c933485bfbfa222c82aab7fd0,-0.24405126893229623,531.4408317165027,282429.35761552805,IV1;IV2;year_1;Region_1;PMC_I
M2,7,2,31,33,8,ce6ca82c326e584d8d688a7bedd72e06f508088c933485bfbfa222c82aab7fd0,-1.939530612045829,298.6475406995289,89190.35356587678,IV1;IV2;year_1;Region_1;PMC_I
M2,7,3,32,33,8,ce6ca82c326e584d8d688a7bedd72e06f508088c933485bfbfa222c82aab7fd0,-0.16032524052682118,827.2832705672614,684397.6097604646,IV1;IV2;year_1;Region_1;PMC_I
M2,7,4,33,33,8,ce6ca82c326e584d8d688a7bedd72e06f508088c933485bfbfa222c82aab7fd0,-0.36802143764880935,394.55260046571533,155671.7545342584,IV1;IV2;year_1;Region_1;PMC_I
M2,7,5,34,33,8,ce6ca82c326e584d8d688a7bedd72e06f508088c933485bfbfa222c82aab7fd0,-0.08096110998403772,2449.2040693273984,5998600.573209887,IV1;IV2;year_1;Region_1;PMC_I
M2,8,1,35,32,9,ce6ca82c326e584d8d688a7bedd72e06f508088c933485bfbfa222c82aab7fd0,-0.22683102697564106,246.41044170931963,60718.105783382,IV1;IV2;year_1;Region_1;PMC_I
M2,8,2,36,33,8,ce6ca82c326e584d8d688a7bedd72e06f508088c933485bfbfa222c82aab7fd0,-0.08959187553633341,2454.6415920874465,6025265.345605593,IV1;IV2;year_1;Region_1;PMC_I
M2,8,3,37,33,8,ce6ca82c326e584d8d688a7bedd72e06f508088c933485bfbfa222c82aab7fd0,-9.536282022868583,339.5820928980915,115315.99781704805,IV1;IV2;year_1;Region_1;PMC_I
M2,8,4,38,33,8,ce6ca82c326e584d8d688a7bedd72e06f508088c933485bfbfa222c82aab7fd0,0.062322770510621184,687.6321624805018,472837.99087761133,IV1;IV2;year_1;Region_1;PMC_I
M2,8,5,39,33,8,ce6ca82c326e584d8d688a7bedd72e06f508088c933485bfbfa222c82aab7fd0,-0.2613973474553575,694.2141572254427,481933.29609223176,IV1;IV2;year_1;Region_1;PMC_I
M2,9,1,40,32,9,ce6ca82c326e584d8d688a7bedd72e06f508088c933485bfbfa222c82aab7fd0,-0.2601204950933984,2514.6312563733904,6323370.355530015,IV1;IV2;year_1;Region_1;PMC_I
M2,9,2,41,33,8,ce6ca82c326e584d8d688a7bedd72e06f508088c933485bfbfa222c82aab7fd0,-3.6258827041339954,337.506146241542,113910.39875081714,IV1;IV2;year_1;Region_1;PMC_I
M2,9,3,42,33,8,ce6ca82c326e584d8d688a7bedd72e06f508088c933485bfbfa222c82aab7fd0,-3.41880905654365,301.71283720606965,91030.6361349363,IV1;IV2;year_1;Region_1;PMC_I
M2,9,4,43,33,8,ce6ca82c326e584d8d688a7bedd72e06f508088c933485bfbfa222c82aab7fd0,0.32987255682925376,371.9123022497723,138318.76056472602,IV1;IV2;year_1;Region_1;PMC_I
M2,9,5,44,33,8,ce6ca82c326e584d8d688a7bedd72e06f508088c933485bfbfa222c82aab7fd0,-1.3770768925229628,409.105432748029,167367.25510395208,IV1;IV2;year_1;Region_1;PMC_I
M2,10,1,45,32,9,ce6ca82c326e584d8d688a7bedd72e06f508088c933485bfbfa222c82aab7fd0,-0.5613386160894942,368.14545135283913,135531.07335178566,IV1;IV2;year_1;Region_1;PMC_I
M2,10,2,46,33,8,ce6ca82c326e584d8d688a7bedd72e06f508088c933485bfbfa222c82aab7fd0,-1.0193258946804047,240.11625197354107,57655.814461821064,IV1;IV2;year_1;Region_1;PMC_I
M2,10,3,47,33,8,ce6ca82c326e584d8d688a7bedd72e06f508088c933485bfbfa222c82aab7fd0,-0.3852049418340324,256.81704356104683,65954.99386343661,IV1;IV2;year_1;Region_1;PMC_I
M2,10,4,48,33,8,ce6ca82c326e584d8d688a7bedd72e06f508088c933485bfbfa222c82aab7fd0,-0.24465952537806324,2576.507715518842,6638392.0081281215,IV1;IV2;year_1;Region_1;PMC_I
M2,10,5,49,33,8,ce6ca82c326e584d8d688a7bedd72e06f508088c933485bfbfa222c82aab7fd0,0.10219774457784214,663.0130244877785,439586.27064043155,IV1;IV2;year_1;Region_1;PMC_I
M2,11,1,50,32,9,ce6ca82c326e584d8d688a7bedd72e06f508088c933485bfbfa222c82aab7fd0,-0.10088281638315943,2318.4507963013334,5375214.094870287,IV1;IV2;year_1;Region_1;PMC_I
M2,11,2,51,33,8,ce6ca82c326e584d8d688a7bedd72e06f508088c933485bfbfa222c82aab7fd0,0.009329983455688251,712.007262175267,506954.34139031946,IV1;IV2;year_1;Region_1;PMC_I
M2,11,3,52,33,8,ce6ca82c326e584d8d688a7bedd72e06f508088c933485bfbfa222c82aab7fd0,-0.15702889710990653,257.74886145950916,66434.47558367325,IV1;IV2;year_1;Region_1;PMC_I
M2,11,4,53,33,8,ce6ca82c326e584d8d688a7bedd72e06f508088c933485bfbfa222c82aab7fd0,0.20103746732278605,424.6538355710384,180330.88006519456,IV1;IV2;year_1;Region_1;PMC_I
M2,11,5,54,33,8,ce6ca82c326e584d8d688a7bedd72e06f508088c933485bfbfa222c82aab7fd0,-0.3794586371526467,556.1209992615785,309270.56581969664,IV1;IV2;year_1;Region_1;PMC_I
M2,12,1,55,32,9,ce6ca82c326e584d8d688a7bedd72e06f508088c933485bfbfa222c82aab7fd0,-0.09285458284823145,2316.252559774541,5365025.920662115,IV1;IV2;year_1;Region_1;PMC_I
M2,12,2,56,33,8,ce6ca82c326e584d8d688a7bedd72e06f508088c933485bfbfa222c82aab7fd0,-0.06949219429761344,738.7147922554617,545699.54429703,IV1;IV2;year_1;Region_1;PMC_I
M2,12,3,57,33,8,ce6ca82c326e584d8d688a7bedd72e06f508088c933485bfbfa222c82aab7fd0,-0.0366504084256698,639.091519110323,408437.9697987404,IV1;IV2;year_1;Region_1;PMC_I
M2,12,4,58,33,8,ce6ca82c326e584d8d688a7bedd72e06f508088c933485bfbfa222c82aab7fd0,-2.3000591520295806,310.9693606901578,96701.94328804547,IV1;IV2;year_1;Region_1;PMC_I
M2,12,5,59,33,8,ce6ca82c326e584d8d688a7bedd72e06f508088c933485bfbfa222c82aab7fd0,-6.759145909991579,325.302043783884,105821.41968997198,IV1;IV2;year_1;Region_1;PMC_I
M2,13,1,60,32,9,ce6ca82c326e584d8d688a7bedd72e06f508088c933485bfbfa222c82aab7fd0,-0.10566640969254615,517.1247096413031,267417.96532160195,IV1;IV2;year_1;Region_1;PMC_I
M2,13,2,61,33,8,ce6ca82c326e584d8d688a7bedd72e06f508088c933485bfbfa222c82aab7fd0,-0.2462355185386118,370.0190037521215,136914.06313771248,IV1;IV2;year_1;Region_1;PMC_I
M2,13,3,62,33,8,ce6ca82c326e584d8d688a7bedd72e06f508088c933485bfbfa222c82aab7fd0,-0.22341498326631326,2531.9668624276746,6410856.192431842,IV1;IV2;year_1;Region_1;PMC_I
M2,13,4,63,33,8,ce6ca82c326e584d8d688a7bedd72e06f508088c933485bfbfa222c82aab7fd0,-0.6336665146101941,205.86065212946755,42378.60809516965,IV1;IV2;year_1;Region_1;PMC_I
M2,13,5,64,33,8,ce6ca82c326e584d8d688a7bedd72e06f508088c933485bfbfa222c82aab7fd0,0.0980734491947085,671.0443371788715,450300.50245983095,IV1;IV2;year_1;Region_1;PMC_I
M2,14,1,65,32,9,ce6ca82c326e584d8d688a7bedd72e06f508088c933485bfbfa222c82aab7fd0,-0.07609486866775583,709.9202920189714,503986.82102030155,IV1;IV2;year_1;Region_1;PMC_I
M2,14,2,66,33,8,ce6ca82c326e584d8d688a7bedd72e06f508088c933485bfbfa222c82aab7fd0,-6.659568456120938,282.6454788881295,79888.46673590005,IV1;IV2;year_1;Region_1;PMC_I
M2,14,3,67,33,8,ce6ca82c326e584d8d688a7bedd72e06f508088c933485bfbfa222c82aab7fd0,-0.009117753932285089,169.9462056795952,28881.712824891278,IV1;IV2;year_1;Region_1;PMC_I
M2,14,4,68,33,8,ce6ca82c326e584d8d688a7bedd72e06f508088c933485bfbfa222c82aab7fd0,-0.0538026934473661,625.2443151541148,390930.45363253803,IV1;IV2;year_1;Region_1;PMC_I
M2,14,5,69,33,8,ce6ca82c326e584d8d688a7bedd72e06f508088c933485bfbfa222c82aab7fd0,-0.10656987963415143,2459.3180631631026,6048245.335800315,IV1;IV2;year_1;Region_1;PMC_I
M2,15,1,70,32,9,ce6ca82c326e584d8d688a7bedd72e06f508088c933485bfbfa222c82aab7fd0,-0.2843137520270238,2491.860956305396,6209371.025559244,IV1;IV2;year_1;Region_1;PMC_I
M2,15,2,71,33,8,ce6ca82c326e584d8d688a7bedd72e06f508088c933485bfbfa222c82aab7fd0,-2.1368321316359893,333.45413435362065,111191.6597175225,IV1;IV2;year_1;Region_1;PMC_I
M2,15,3,72,33,8,ce6ca82c326e584d8d688a7bedd72e06f508088c933485bfbfa222c82aab7fd0,-1.1050739382874366,273.0728374192131,74568.77453617999,IV1;IV2;year_1;Region_1;PMC_I
M2,15,4,73,33,8,ce6ca82c326e584d8d688a7bedd72e06f508088c933485bfbfa222c82aab7fd0,-0.12974447990707083,562.5201580874999,316428.92825478583,IV1;IV2;year_1;Region_1;PMC_I
M2,15,5,74,33,8,ce6ca82c326e584d8d688a7bedd72e06f508088c933485bfbfa222c82aab7fd0,-0.2630446090544176,388.7012196368044,151088.63814713925,IV1;IV2;year_1;Region_1;PMC_I
M2,16,1,75,32,9,ce6ca82c326e584d8d688a7bedd72e06f508088c933485bfbfa222c82aab7fd0,-0.08878332152736834,629.9957560102534,396894.65259093075,IV1;IV2;year_1;Region_1;PMC_I
M2,16,2,76,33,8,ce6ca82c326e584d8d688a7bedd72e06f508088c933485bfbfa222c82aab7fd0,-0.10489826261375645,2460.6984959183196,6055037.08781468,IV1;IV2;year_1;Region_1;PMC_I
M2,16,3,77,33,8,ce6ca82c326e584d8d688a7bedd72e06f508088c933485bfbfa222c82aab7fd0,-0.09101159889394306,336.7296478169823,113386.85571894895,IV1;IV2;year_1;Region_1;PMC_I
M2,16,4,78,33,8,ce6ca82c326e584d8d688a7bedd72e06f508088c933485bfbfa222c82aab7fd0,-0.4466512554013522,248.02019906440074,61514.01914394497,IV1;IV2;year_1;Region_1;PMC_I
M2,16,5,79,33,8,ce6ca82c326e584d8d688a7bedd72e06f508088c933485bfbfa222c82aab7fd0,-0.009171951926238542,716.6922170113116,513647.73392458906,IV1;IV2;year_1;Region_1;PMC_I
M2,17,1,80,32,9,ce6ca82c326e584d8d688a7bedd72e06f508088c933485bfbfa222c82aab7fd0,0.1922716543697539,412.87425785489523,170465.1527992305,IV1;IV2;year_1;Region_1;PMC_I
M2,17,2,81,33,8,ce6ca82c326e584d8d688a7bedd72e06f508088c933485bfbfa222c82aab7fd0,-0.13066631062404843,871.8788034868496,760172.6479696606,IV1;IV2;year_1;Region_1;PMC_I
M2,17,3,82,33,8,ce6ca82c326e584d8d688a7bedd72e06f508088c933485bfbfa222c82aab7fd0,-0.1015385185803046,2442.2391394705114,5964532.014361665,IV1;IV2;year_1;Region_1;PMC_I
M2,17,4,83,33,8,ce6ca82c326e584d8d688a7bedd72e06f508088c933485bfbfa222c82aab7fd0,-1.8854474147011868,520.446410622073,270864.4663293995,IV1;IV2;year_1;Region_1;PMC_I
M2,17,5,84,33,8,ce6ca82c326e584d8d688a7bedd72e06f508088c933485bfbfa222c82aab7fd0,-0.8311393548474815,218.4129575780805,47704.220038004394,IV1;IV2;year_1;Region_1;PMC_I
M2,18,1,85,32,9,ce6ca82c326e584d8d688a7bedd72e06f508088c933485bfbfa222c82aab7fd0,-0.1169318882345105,2363.954676537842,5588281.712725132,IV1;IV2;year_1;Region_1;PMC_I
M2,18,2,86,33,8,ce6ca82c326e584d8d688a7bedd72e06f508088c933485bfbfa222c82aab7fd0,0.019842789760957102,717.2505691544998,514448.3789524539,IV1;IV2;year_1;Region_1;PMC_I
M2,18,3,87,33,8,ce6ca82c326e584d8d688a7bedd72e06f508088c933485bfbfa222c82aab7fd0,-1.0286418764417116,225.55038869806285,50872.97784184724,IV1;IV2;year_1;Region_1;PMC_I
M2,18,4,88,33,8,ce6ca82c326e584d8d688a7bedd72e06f508088c933485bfbfa222c82aab7fd0,0.02378190428289928,410.836302934995,168786.467809295,IV1;IV2;year_1;Region_1;PMC_I
M2,18,5,89,33,8,ce6ca82c326e584d8d688a7bedd72e06f508088c933485bfbfa222c82aab7fd0,-0.1564568547802727,349.3524431805272,122047.1295562035,IV1;IV2;year_1;Region_1;PMC_I
M2,19,1,90,32,9,ce6ca82c326e584d8d688a7bedd72e06f508088c933485bfbfa222c82aab7fd0,-0.0076016000124716765,604.7608723516978,365735.7127275865,IV1;IV2;year_1;Region_1;PMC_I
M2,19,2,91,33,8,ce6ca82c326e584d8d688a7bedd72e06f508088c933485bfbfa222c82aab7fd0,-1.282531498186866,314.5709474919249,98954.88100596739,IV1;IV2;year_1;Region_1;PMC_I
M2,19,3,92,33,8,ce6ca82c326e584d8d688a7bedd72e06f508088c933485bfbfa222c82aab7fd0,-0.37061731383154983,390.17155601810543,152233.84312558957,IV1;IV2;year_1;Region_1;PMC_I
M2,19,4,93,33,8,ce6ca82c326e584d8d688a7bedd72e06f508088c933485bfbfa222c82aab7fd0,0.01078498450245402,694.8378879070151,482799.69047108165,IV1;IV2;year_1;Region_1;PMC_I
M2,19,5,94,33,8,ce6ca82c326e584d8d688a7bedd72e06f508088c933485bfbfa222c82aab7fd0,-0.09660954377580766,2431.100920968002,5910251.687931468,IV1;IV2;year_1;Region_1;PMC_I
M2,20,1,95,32,9,ce6ca82c326e584d8d688a7bedd72e06f508088c933485bfbfa222c82aab7fd0,-0.07501561077328156,523.3118618282688,273855.30473016907,IV1;IV2;year_1;Region_1;PMC_I
M2,20,2,96,33,8,ce6ca82c326e584d8d688a7bedd72e06f508088c933485bfbfa222c82aab7fd0,-0.19534687836167874,2539.420921574723,6448658.616931415,IV1;IV2;year_1;Region_1;PMC_I
M2,20,3,97,33,8,ce6ca82c326e584d8d688a7bedd72e06f508088c933485bfbfa222c82aab7fd0,-3.1614110963058577,238.94194154567325,57093.25142961593,IV1;IV2;year_1;Region_1;PMC_I
M2,20,4,98,33,8,ce6ca82c326e584d8d688a7bedd72e06f508088c933485bfbfa222c82aab7fd0,0.013344091619221565,664.46851793372,441518.41132503445,IV1;IV2;year_1;Region_1;PMC_I
M2,20,5,99,33,8,ce6ca82c326e584d8d688a7bedd72e06f508088c933485bfbfa222c82aab7fd0,-1.922521350387297,304.12874586474265,92494.29406126123,IV1;IV2;year_1;Region_1;PMC_I
M3,1,1,0,32,9,ce6ca82c326e584d8d688a7bedd72e06f508088c933485bfbfa222c82aab7fd0,-0.9073274153227786,258.74488927178646,66948.91772426903,IV1;IV2;year_1;Region_1;PMC_Frequency
M3,1,2,1,33,8,ce6ca82c326e584d8d688a7bedd72e06f508088c933485bfbfa222c82aab7fd0,-1.1980230282471171,267.54329338548797,71579.41383555329,IV1;IV2;year_1;Region_1;PMC_Frequency
M3,1,3,2,33,8,ce6ca82c326e584d8d688a7bedd72e06f508088c933485bfbfa222c82aab7fd0,-0.3000283051951884,851.9316230757379,725787.4903964611,IV1;IV2;year_1;Region_1;PMC_Frequency
M3,1,4,3,33,8,ce6ca82c326e584d8d688a7bedd72e06f508088c933485bfbfa222c82aab7fd0,-0.11565383864984358,526.4918541140694,277193.6724484705,IV1;IV2;year_1;Region_1;PMC_Frequency
M3,1,5,4,33,8,ce6ca82c326e584d8d688a7bedd72e06f508088c933485bfbfa222c82aab7fd0,-0.05988414637708406,2437.512933794773,5941469.3024168005,IV1;IV2;year_1;Region_1;PMC_Frequency
M3,2,1,5,32,9,ce6ca82c326e584d8d688a7bedd72e06f508088c933485bfbfa222c82aab7fd0,-0.13954017902328664,2370.823657363142,5620804.814312745,IV1;IV2;year_1;Region_1;PMC_Frequency
M3,2,2,6,33,8,ce6ca82c326e584d8d688a7bedd72e06f508088c933485bfbfa222c82aab7fd0,-0.06275486886755166,542.9570052801413,294802.30958277936,IV1;IV2;year_1;Region_1;PMC_Frequency
M3,2,3,7,33,8,ce6ca82c326e584d8d688a7bedd72e06f508088c933485bfbfa222c82aab7fd0,-0.4918054370239475,369.03028064082014,136183.34802984248,IV1;IV2;year_1;Region_1;PMC_Frequency
M3,2,4,8,33,8,ce6ca82c326e584d8d688a7bedd72e06f508088c933485bfbfa222c82aab7fd0,0.10230726628049425,681.6949920216078,464708.06214734,IV1;IV2;year_1;Region_1;PMC_Frequency
M3,2,5,9,33,8,ce6ca82c326e584d8d688a7bedd72e06f508088c933485bfbfa222c82aab7fd0,-0.3706549419915961,234.5918881282354,55033.35397557051,IV1;IV2;year_1;Region_1;PMC_Frequency
M3,3,1,10,32,9,ce6ca82c326e584d8d688a7bedd72e06f508088c933485bfbfa222c82aab7fd0,0.14698390326308208,627.5169408933422,393777.5111081383,IV1;IV2;year_1;Region_1;PMC_Frequency
M3,3,2,11,33,8,ce6ca82c326e584d8d688a7bedd72e06f508088c933485bfbfa222c82aab7fd0,-1.2537044255244516,294.62751054569884,86805.36997035588,IV1;IV2;year_1;Region_1;PMC_Frequency
M3,3,3,12,33,8,ce6ca82c326e584d8d688a7bedd72e06f508088c933485bfbfa222c82aab7fd0,-0.23287809268072213,2569.782100700112,6603780.045078682,IV1;IV2;year_1;Region_1;PMC_Frequency
M3,3,4,13,33,8,ce6ca82c326e584d8d688a7bedd72e06f508088c933485bfbfa222c82aab7fd0,-0.2093635022132152,369.42374188938584,136473.90107155556,IV1;IV2;year_1;Region_1;PMC_Frequency
M3,3,5,14,33,8,ce6ca82c326e584d8d688a7bedd72e06f508088c933485bfbfa222c82aab7fd0,-2.9923352214179473,266.70266119492027,71130.30948845242,IV1;IV2;year_1;Region_1;PMC_Frequency
M3,4,1,15,32,9,ce6ca82c326e584d8d688a7bedd72e06f508088c933485bfbfa222c82aab7fd0,0.0892568671401045,632.8895750389524,400549.21419298585,IV1;IV2;year_1;Region_1;PMC_Frequency
M3,4,2,16,33,8,ce6ca82c326e584d8d688a7bedd72e06f508088c933485bfbfa222c82aab7fd0,-0.10045502715587373,2442.209948851193,5964389.434267747,IV1;IV2;year_1;Region_1;PMC_Frequency
M3,4,3,17,33,8,ce6ca82c326e584d8d688a7bedd72e06f508088c933485bfbfa222c82aab7fd0,-2.180616334966196,356.8385032739077,127333.71741876262,IV1;IV2;year_1;Region_1;PMC_Frequency
M3,4,4,18,33,8,ce6ca82c326e584d8d688a7bedd72e06f508088c933485bfbfa222c82aab7fd0,-3.6609530594555766,239.15685863955028,57196.00303433784,IV1;IV2;year_1;Region_1;PMC_Frequency
M3,4,5,19,33,8,ce6ca82c326e584d8d688a7bedd72e06f508088c933485bfbfa222c82aab7fd0,0.004758041191872953,614.2551962400231,377309.4461078693,IV1;IV2;year_1;Region_1;PMC_Frequency
M3,5,1,20,32,9,ce6ca82c326e584d8d688a7bedd72e06f508088c933485bfbfa222c82aab7fd0,-0.3059293826595013,917.0402075410695,840962.7422469679,IV1;IV2;year_1;Region_1;PMC_Frequency
M3,5,2,21,33,8,ce6ca82c326e584d8d688a7bedd72e06f508088c933485bfbfa222c82aab7fd0,-0.3194758234452124,378.8121210245815,143498.62303514214,IV1;IV2;year_1;Region_1;PMC_Frequency
M3,5,3,22,33,8,ce6ca82c326e584d8d688a7bedd72e06f508088c933485bfbfa222c82aab7fd0,-4.93375330651064,393.11657813565387,154540.64400508563,IV1;IV2;year_1;Region_1;PMC_Frequency
M3,5,4,23,33,8,ce6ca82c326e584d8d688a7bedd72e06f508088c933485bfbfa222c82aab7fd0,-0.4495434531310809,218.79363314242696,47870.65390366291,IV1;IV2;year_1;Region_1;PMC_Frequency
M3,5,5,24,33,8,ce6ca82c326e584d8d688a7bedd72e06f508088c933485bfbfa222c82aab7fd0,-0.11069465353415375,2452.6059232394964,6015275.814709463,IV1;IV2;year_1;Region_1;PMC_Frequency
M3,6,1,25,32,9,ce6ca82c326e584d8d688a7bedd72e06f508088c933485bfbfa222c82aab7fd0,-0.3502888445132515,236.20826849823908,55794.3461069362,IV1;IV2;year_1;Region_1;PMC_Frequency
M3,6,2,26,33,8,ce6ca82c326e584d8d688a7bedd72e06f508088c933485bfbfa222c82aab7fd0,0.2726349138461477,386.22828755243006,149172.29010568262,IV1;IV2;year_1;Region_1;PMC_Frequency
M3,6,3,27,33,8,ce6ca82c326e584d8d688a7bedd72e06f508088c933485bfbfa222c82aab7fd0,-0.12741190264463054,2444.025988498878,5973263.032457918,IV1;IV2;year_1;Region_1;PMC_Frequency
M3,6,4,28,33,8,ce6ca82c326e584d8d688a7bedd72e06f508088c933485bfbfa222c82aab7fd0,-1.5551835785630375,524.8949730390042,275514.732721617,IV1;IV2;year_1;Region_1;PMC_Frequency
M3,6,5,29,33,8,ce6ca82c326e584d8d688a7bedd72e06f508088c933485bfbfa222c82aab7fd0,-0.09342848075830013,848.8365104822303,720523.4215276495,IV1;IV2;year_1;Region_1;PMC_Frequency
M3,7,1,30,32,9,ce6ca82c326e584d8d688a7bedd72e06f508088c933485bfbfa222c82aab7fd0,-0.09210605791574089,497.9298794443401,247934.16484345507,IV1;IV2;year_1;Region_1;PMC_Frequency
M3,7,2,31,33,8,ce6ca82c326e584d8d688a7bedd72e06f508088c933485bfbfa222c82aab7fd0,-1.028739848790699,248.10363602693468,61555.41420978568,IV1;IV2;year_1;Region_1;PMC_Frequency
M3,7,3,32,33,8,ce6ca82c326e584d8d688a7bedd72e06f508088c933485bfbfa222c82aab7fd0,-0.09478348949216864,803.578839198653,645738.9508078545,IV1;IV2;year_1;Region_1;PMC_Frequency
M3,7,4,33,33,8,ce6ca82c326e584d8d688a7bedd72e06f508088c933485bfbfa222c82aab7fd0,-0.34133050027619616,390.68465943334246,152634.50311654678,IV1;IV2;year_1;Region_1;PMC_Frequency
M3,7,5,34,33,8,ce6ca82c326e584d8d688a7bedd72e06f508088c933485bfbfa222c82aab7fd0,-0.0782118857915115,2446.087538230065,5983344.2446844205,IV1;IV2;year_1;Region_1;PMC_Frequency
M3,8,1,35,32,9,ce6ca82c326e584d8d688a7bedd72e06f508088c933485bfbfa222c82aab7fd0,-0.5105329353466539,273.4209772875175,74759.03082086114,IV1;IV2;year_1;Region_1;PMC_Frequency
M3,8,2,36,33,8,ce6ca82c326e584d8d688a7bedd72e06f508088c933485bfbfa222c82aab7fd0,-0.08124141097963333,2445.217503346608,5979088.638672618,IV1;IV2;year_1;Region_1;PMC_Frequency
M3,8,3,37,33,8,ce6ca82c326e584d8d688a7bedd72e06f508088c933485bfbfa222c82aab7fd0,-6.506576122226976,286.6302574393053,82156.90447972243,IV1;IV2;year_1;Region_1;PMC_Frequency
M3,8,4,38,33,8,ce6ca82c326e584d8d688a7bedd72e06f508088c933485bfbfa222c82aab7fd0,0.15877938453577234,651.305057256007,424198.27760725055,IV1;IV2;year_1;Region_1;PMC_Frequency
M3,8,5,39,33,8,ce6ca82c326e584d8d688a7bedd72e06f508088c933485bfbfa222c82aab7fd0,-0.14389440754498795,661.0898324063932,437039.76651111303,IV1;IV2;year_1;Region_1;PMC_Frequency
M3,9,1,40,32,9,ce6ca82c326e584d8d688a7bedd72e06f508088c933485bfbfa222c82aab7fd0,-0.26077863534651335,2515.287845970253,6326672.948085674,IV1;IV2;year_1;Region_1;PMC_Frequency
M3,9,2,41,33,8,ce6ca82c326e584d8d688a7bedd72e06f508088c933485bfbfa222c82aab7fd0,-2.6599490077314787,300.20774696622397,90124.69133853636,IV1;IV2;year_1;Region_1;PMC_Frequency
M3,9,3,42,33,8,ce6ca82c326e584d8d688a7bedd72e06f508088c933485bfbfa222c82aab7fd0,-3.034262535476257,288.28579911148694,83108.70196934859,IV1;IV2;year_1;Region_1;PMC_Frequency
M3,9,4,43,33,8,ce6ca82c326e584d8d688a7bedd72e06f508088c933485bfbfa222c82aab7fd0,-0.11483273674622008,479.69666500153323,230108.89041359318,IV1;IV2;year_1;Region_1;PMC_Frequency
M3,9,5,44,33,8,ce6ca82c326e584d8d688a7bedd72e06f508088c933485bfbfa222c82aab7fd0,-0.9360312040018002,369.20689931024293,136313.73449828385,IV1;IV2;year_1;Region_1;PMC_Frequency
M3,10,1,45,32,9,ce6ca82c326e584d8d688a7bedd72e06f508088c933485bfbfa222c82aab7fd0,-0.48498542366016517,359.03102892135104,128903.27972832399,IV1;IV2;year_1;Region_1;PMC_Frequency
M3,10,2,46,33,8,ce6ca82c326e584d8d688a7bedd72e06f508088c933485bfbfa222c82aab7fd0,-2.6568048194402314,323.12401670210676,104409.13016970336,IV1;IV2;year_1;Region_1;PMC_Frequency
M3,10,3,47,33,8,ce6ca82c326e584d8d688a7bedd72e06f508088c933485bfbfa222c82aab7fd0,-0.5911191349264813,275.2441994404529,75759.36932561581,IV1;IV2;year_1;Region_1;PMC_Frequency
M3,10,4,48,33,8,ce6ca82c326e584d8d688a7bedd72e06f508088c933485bfbfa222c82aab7fd0,-0.24701253614049934,2578.9419907864512,6650941.791841583,IV1;IV2;year_1;Region_1;PMC_Frequency
M3,10,5,49,33,8,ce6ca82c326e584d8d688a7bedd72e06f508088c933485bfbfa222c82aab7fd0,0.1670464363587394,638.6194026085233,407834.74138806714,IV1;IV2;year_1;Region_1;PMC_Frequency
M3,11,1,50,32,9,ce6ca82c326e584d8d688a7bedd72e06f508088c933485bfbfa222c82aab7fd0,-0.10082309580245075,2318.3879099052197,5374922.500794693,IV1;IV2;year_1;Region_1;PMC_Frequency
M3,11,2,51,33,8,ce6ca82c326e584d8d688a7bedd72e06f508088c933485bfbfa222c82aab7fd0,0.09228216591498883,681.5462740946617,464505.32373231574,IV1;IV2;year_1;Region_1;PMC_Frequency
M3,11,3,52,33,8,ce6ca82c326e584d8d688a7bedd72e06f508088c933485bfbfa222c82aab7fd0,-2.4456002895910203,444.79213610700606,197840.0443426334,IV1;IV2;year_1;Region_1;PMC_Frequency
M3,11,4,53,33,8,ce6ca82c326e584d8d688a7bedd72e06f508088c933485bfbfa222c82aab7fd0,0.2072983845609453,422.9867037832781,178917.75157744263,IV1;IV2;year_1;Region_1;PMC_Frequency
M3,11,5,54,33,8,ce6ca82c326e584d8d688a7bedd72e06f508088c933485bfbfa222c82aab7fd0,-0.191319166861303,516.8077499373333,267090.25039528916,IV1;IV2;year_1;Region_1;PMC_Frequency
M3,12,1,55,32,9,ce6ca82c326e584d8d688a7bedd72e06f508088c933485bfbfa222c82aab7fd0,-0.09322566018157219,2316.645766651204,5366847.608142946,IV1;IV2;year_1;Region_1;PMC_Frequency
M3,12,2,56,33,8,ce6ca82c326e584d8d688a7bedd72e06f508088c933485bfbfa222c82aab7fd0,0.007655014663797921,711.5727785396219,506335.81915859785,IV1;IV2;year_1;Region_1;PMC_Frequency
M3,12,3,57,33,8,ce6ca82c326e584d8d688a7bedd72e06f508088c933485bfbfa222c82aab7fd0,0.02221540025586033,620.6810543899916,385244.9712786717,IV1;IV2;year_1;Region_1;PMC_Frequency
M3,12,4,58,33,8,ce6ca82c326e584d8d688a7bedd72e06f508088c933485bfbfa222c82aab7fd0,-1.3664899699949031,263.33529551115015,69345.47786194479,IV1;IV2;year_1;Region_1;PMC_Frequency
M3,12,5,59,33,8,ce6ca82c326e584d8d688a7bedd72e06f508088c933485bfbfa222c82aab7fd0,-7.696706672573686,344.3953218683249,118608.13772478711,IV1;IV2;year_1;Region_1;PMC_Frequency
M3,13,1,60,32,9,ce6ca82c326e584d8d688a7bedd72e06f508088c933485bfbfa222c82aab7fd0,0.05238069070321305,478.740515306791,229192.48099621176,IV1;IV2;year_1;Region_1;PMC_Frequency
M3,13,2,61,33,8,ce6ca82c326e584d8d688a7bedd72e06f508088c933485bfbfa222c82aab7fd0,-0.25356742809447286,371.10586385691886,137719.56218898998,IV1;IV2;year_1;Region_1;PMC_Frequency
M3,13,3,62,33,8,ce6ca82c326e584d8d688a7bedd72e06f508088c933485bfbfa222c82aab7fd0,-0.20626252694202063,2514.1549384462683,6320975.05451376,IV1;IV2;year_1;Region_1;PMC_Frequency
M3,13,4,63,33,8,ce6ca82c326e584d8d688a7bedd72e06f508088c933485bfbfa222c82aab7fd0,-1.775997667350775,268.3497462444908,72011.5863094826,IV1;IV2;year_1;Region_1;PMC_Frequency
M3,13,5,64,33,8,ce6ca82c326e584d8d688a7bedd72e06f508088c933485bfbfa222c82aab7fd0,0.1496341359015395,651.5811906678296,424558.0480321065,IV1;IV2;year_1;Region_1;PMC_Frequency
M3,14,1,65,32,9,ce6ca82c326e584d8d688a7bedd72e06f508088c933485bfbfa222c82aab7fd0,0.022607432026092056,676.5794862863593,457759.80126351374,IV1;IV2;year_1;Region_1;PMC_Frequency
M3,14,2,66,33,8,ce6ca82c326e584d8d688a7bedd72e06f508088c933485bfbfa222c82aab7fd0,-7.706218148594846,301.33852940368126,90804.90930317328,IV1;IV2;year_1;Region_1;PMC_Frequency
M3,14,3,67,33,8,ce6ca82c326e584d8d688a7bedd72e06f508088c933485bfbfa222c82aab7fd0,-1.146465583182231,247.8577562307003,61433.46732371725,IV1;IV2;year_1;Region_1;PMC_Frequency
M3,14,4,68,33,8,ce6ca82c326e584d8d688a7bedd72e06f508088c933485bfbfa222c82aab7fd0,0.000453887092642824,608.9358132364102,370802.82464188826,IV1;IV2;year_1;Region_1;PMC_Frequency
M3,14,5,69,33,8,ce6ca82c326e584d8d688a7bedd72e06f508088c933485bfbfa222c82aab7fd0,-0.09525045868285642,2446.7071949965743,5986376.098048005,IV1;IV2;year_1;Region_1;PMC_Frequency
M3,15,1,70,32,9,ce6ca82c326e584d8d688a7bedd72e06f508088c933485bfbfa222c82aab7fd0,-0.2733054353268727,2481.1586538203173,6156148.26542745,IV1;IV2;year_1;Region_1;PMC_Frequency
M3,15,2,71,33,8,ce6ca82c326e584d8d688a7bedd72e06f508088c933485bfbfa222c82aab7fd0,-1.012328975666744,267.0791330253706,71331.26329758362,IV1;IV2;year_1;Region_1;PMC_Frequency
M3,15,3,72,33,8,ce6ca82c326e584d8d688a7bedd72e06f508088c933485bfbfa222c82aab7fd0,-0.977362055004509,264.65976568869013,70044.79157439235,IV1;IV2;year_1;Region_1;PMC_Frequency
M3,15,4,73,33,8,ce6ca82c326e584d8d688a7bedd72e06f508088c933485bfbfa222c82aab7fd0,0.013853139663763114,525.5557286469278,276208.82391360326,IV1;IV2;year_1;Region_1;PMC_Frequency
M3,15,5,74,33,8,ce6ca82c326e584d8d688a7bedd72e06f508088c933485bfbfa222c82aab7fd0,-0.6328654345842246,441.95877020559743,195327.5545616441,IV1;IV2;year_1;Region_1;PMC_Frequency
M3,16,1,75,32,9,ce6ca82c326e584d8d688a7bedd72e06f508088c933485bfbfa222c82aab7fd0,0.031236262331378217,594.2590866402295,353143.8620544798,IV1;IV2;year_1;Region_1;PMC_Frequency
M3,16,2,76,33,8,ce6ca82c326e584d8d688a7bedd72e06f508088c933485bfbfa222c82aab7fd0,-0.0723568997242443,2424.191553401406,5876704.687582722,IV1;IV2;year_1;Region_1;PMC_Frequency
M3,16,3,77,33,8,ce6ca82c326e584d8d688a7bedd72e06f508088c933485bfbfa222c82aab7fd0,0.035694956379654474,316.5730142504192,100218.47335159611,IV1;IV2;year_1;Region_1;PMC_Frequency
M3,16,4,78,33,8,ce6ca82c326e584d8d688a7bedd72e06f508088c933485bfbfa222c82aab7fd0,-1.5899577779732468,331.8573720287522,110129.31536982964,IV1;IV2;year_1;Region_1;PMC_Frequency
M3,16,5,79,33,8,ce6ca82c326e584d8d688a7bedd72e06f508088c933485bfbfa222c82aab7fd0,0.05863785152542633,692.1950165193593,479133.94089423615,IV1;IV2;year_1;Region_1;PMC_Frequency
M3,17,1,80,32,9,ce6ca82c326e584d8d688a7bedd72e06f508088c933485bfbfa222c82aab7fd0,-0.031215884810801064,466.50890824095785,217630.56146817043,IV1;IV2;year_1;Region_1;PMC_Frequency
M3,17,2,81,33,8,ce6ca82c326e584d8d688a7bedd72e06f508088c933485bfbfa222c82aab7fd0,-0.09375547601341139,857.5293903374496,735356.655292518,IV1;IV2;year_1;Region_1;PMC_Frequency
M3,17,3,82,33,8,ce6ca82c326e584d8d688a7bedd72e06f508088c933485bfbfa222c82aab7fd0,-0.09309693660066443,2432.8631568177225,5918823.139801095,IV1;IV2;year_1;Region_1;PMC_Frequency
M3,17,4,83,33,8,ce6ca82c326e584d8d688a7bedd72e06f508088c933485bfbfa222c82aab7fd0,-1.115325675066277,445.61320920385225,198571.1322169562,IV1;IV2;year_1;Region_1;PMC_Frequency
M3,17,5,84,33,8,ce6ca82c326e584d8d688a7bedd72e06f508088c933485bfbfa222c82aab7fd0,-0.8289798327112432,218.28412883525985,47647.96090136832,IV1;IV2;year_1;Region_1;PMC_Frequency
M3,18,1,85,32,9,ce6ca82c326e584d8d688a7bedd72e06f508088c933485bfbfa222c82aab7fd0,-0.10883793193500013,2355.373788187785,5547785.682082077,IV1;IV2;year_1;Region_1;PMC_Frequency
M3,18,2,86,33,8,ce6ca82c326e584d8d688a7bedd72e06f508088c933485bfbfa222c82aab7fd0,0.08870959867359807,691.5943393604755,478302.7302354525,IV1;IV2;year_1;Region_1;PMC_Frequency
M3,18,3,87,33,8,ce6ca82c326e584d8d688a7bedd72e06f508088c933485bfbfa222c82aab7fd0,-1.3953803009723083,245.09142879959833,60069.80847102858,IV1;IV2;year_1;Region_1;PMC_Frequency
M3,18,4,88,33,8,ce6ca82c326e584d8d688a7bedd72e06f508088c933485bfbfa222c82aab7fd0,0.024737989292399565,410.63507195349325,168621.16231825057,IV1;IV2;year_1;Region_1;PMC_Frequency
M3,18,5,89,33,8,ce6ca82c326e584d8d688a7bedd72e06f508088c933485bfbfa222c82aab7fd0,-0.23779667961923967,361.42960587145643,130631.36000039632,IV1;IV2;year_1;Region_1;PMC_Frequency
M3,19,1,90,32,9,ce6ca82c326e584d8d688a7bedd72e06f508088c933485bfbfa222c82aab7fd0,0.09241589324140875,573.9614203404592,329431.71203923726,IV1;IV2;year_1;Region_1;PMC_Frequency
M3,19,2,91,33,8,ce6ca82c326e584d8d688a7bedd72e06f508088c933485bfbfa222c82aab7fd0,-1.6676387130538681,340.07423236842135,115650.48352097103,IV1;IV2;year_1;Region_1;PMC_Frequency
M3,19,3,92,33,8,ce6ca82c326e584d8d688a7bedd72e06f508088c933485bfbfa222c82aab7fd0,-0.6306676622123557,425.57903769056463,181117.51732162703,IV1;IV2;year_1;Region_1;PMC_Frequency
M3,19,4,93,33,8,ce6ca82c326e584d8d688a7bedd72e06f508088c933485bfbfa222c82aab7fd0,0.06714799163570606,674.7525227191843,455290.9669159033,IV1;IV2;year_1;Region_1;PMC_Frequency
M3,19,5,94,33,8,ce6ca82c326e584d8d688a7bedd72e06f508088c933485bfbfa222c82aab7fd0,-0.10171559045827627,2436.754208707847,5937771.073655405,IV1;IV2;year_1;Region_1;PMC_Frequency
M3,20,1,95,32,9,ce6ca82c326e584d8d688a7bedd72e06f508088c933485bfbfa222c82aab7fd0,0.06423087724682941,488.2447126874122,238382.8994672137,IV1;IV2;year_1;Region_1;PMC_Frequency
M3,20,2,96,33,8,ce6ca82c326e584d8d688a7bedd72e06f508088c933485bfbfa222c82aab7fd0,-0.18695379728514938,2530.489994876391,6403379.614169517,IV1;IV2;year_1;Region_1;PMC_Frequency
M3,20,3,97,33,8,ce6ca82c326e584d8d688a7bedd72e06f508088c933485bfbfa222c82aab7fd0,-6.325512557335604,317.0232299510653,100503.728328606,IV1;IV2;year_1;Region_1;PMC_Frequency
M3,20,4,98,33,8,ce6ca82c326e584d8d688a7bedd72e06f508088c933485bfbfa222c82aab7fd0,0.12360233188292757,626.241948717935,392178.9783340367,IV1;IV2;year_1;Region_1;PMC_Frequency
M3,20,5,99,33,8,ce6ca82c326e584d8d688a7bedd72e06f508088c933485bfbfa222c82aab7fd0,-1.329522625239389,271.5264184906626,73726.59593836643,IV1;IV2;year_1;Region_1;PMC_Frequency
M4,1,1,0,32,9,ce6ca82c326e584d8d688a7bedd72e06f508088c933485bfbfa222c82aab7fd0,-2.0507780164125387,327.23854943256674,107085.06823473042,IV1;IV2;year_1;Region_1;PMC_BERT
M4,1,2,1,33,8,ce6ca82c326e584d8d688a7bedd72e06f508088c933485bfbfa222c82aab7fd0,-0.47703469103678176,219.3175054915304,48100.168215027465,IV1;IV2;year_1;Region_1;PMC_BERT
M4,1,3,2,33,8,ce6ca82c326e584d8d688a7bedd72e06f508088c933485bfbfa222c82aab7fd0,-0.4084124264713176,886.7337924032832,786296.818589909,IV1;IV2;year_1;Region_1;PMC_BERT
M4,1,4,3,33,8,ce6ca82c326e584d8d688a7bedd72e06f508088c933485bfbfa222c82aab7fd0,-0.3031517491920521,569.0159232468438,323779.120908458,IV1;IV2;year_1;Region_1;PMC_BERT
M4,1,5,4,33,8,ce6ca82c326e584d8d688a7bedd72e06f508088c933485bfbfa222c82aab7fd0,-0.06393685028041607,2442.1686752007918,5964187.83813199,IV1;IV2;year_1;Region_1;PMC_BERT
M4,2,1,5,32,9,ce6ca82c326e584d8d688a7bedd72e06f508088c933485bfbfa222c82aab7fd0,-0.1376890110127531,2368.8971887632542,5611673.89093045,IV1;IV2;year_1;Region_1;PMC_BERT
M4,2,2,6,33,8,ce6ca82c326e584d8d688a7bedd72e06f508088c933485bfbfa222c82aab7fd0,-0.21433142232666857,580.3867721582596,336848.80529628356,IV1;IV2;year_1;Region_1;PMC_BERT
M4,2,3,7,33,8,ce6ca82c326e584d8d688a7bedd72e06f508088c933485bfbfa222c82aab7fd0,-0.5743272416351339,379.09967828339416,143716.56607457297,IV1;IV2;year_1;Region_1;PMC_BERT
M4,2,4,8,33,8,ce6ca82c326e584d8d688a7bedd72e06f508088c933485bfbfa222c82aab7fd0,-0.01098965921369377,723.4351484452834,523358.4140060493,IV1;IV2;year_1;Region_1;PMC_BERT
M4,2,5,9,33,8,ce6ca82c326e584d8d688a7bedd72e06f508088c933485bfbfa222c82aab7fd0,-0.781486281857896,267.44849835532597,71528.6992725188,IV1;IV2;year_1;Region_1;PMC_BERT
M4,3,1,10,32,9,ce6ca82c326e584d8d688a7bedd72e06f508088c933485bfbfa222c82aab7fd0,0.026957988264677657,670.2126757095398,449185.03068174067,IV1;IV2;year_1;Region_1;PMC_BERT
M4,3,2,11,33,8,ce6ca82c326e584d8d688a7bedd72e06f508088c933485bfbfa222c82aab7fd0,-0.7181126161752995,257.24718489897737,66176.11413844864,IV1;IV2;year_1;Region_1;PMC_BERT
M4,3,3,12,33,8,ce6ca82c326e584d8d688a7bedd72e06f508088c933485bfbfa222c82aab7fd0,-0.24069112022005723,2577.911886394046,6645629.694011711,IV1;IV2;year_1;Region_1;PMC_BERT
M4,3,4,13,33,8,ce6ca82c326e584d8d688a7bedd72e06f508088c933485bfbfa222c82aab7fd0,-0.16737961163421788,362.95470128860507,131736.11518750055,IV1;IV2;year_1;Region_1;PMC_BERT
M4,3,5,14,33,8,ce6ca82c326e584d8d688a7bedd72e06f508088c933485bfbfa222c82aab7fd0,-3.6132264585888185,286.69243688244586,82192.5533655952,IV1;IV2;year_1;Region_1;PMC_BERT
M4,4,1,15,32,9,ce6ca82c326e584d8d688a7bedd72e06f508088c933485bfbfa222c82aab7fd0,-0.07835012413292985,688.6679721193486,474263.575822976,IV1;IV2;year_1;Region_1;PMC_BERT
M4,4,2,16,33,8,ce6ca82c326e584d8d688a7bedd72e06f508088c933485bfbfa222c82aab7fd0,-0.0951709127328948,2436.339447394788,5935749.90293194,IV1;IV2;year_1;Region_1;PMC_BERT
M4,4,3,17,33,8,ce6ca82c326e584d8d688a7bedd72e06f508088c933485bfbfa222c82aab7fd0,0.0016520858463747734,199.9203594720732,39968.15013144296,IV1;IV2;year_1;Region_1;PMC_BERT
M4,4,4,18,33,8,ce6ca82c326e584d8d688a7bedd72e06f508088c933485bfbfa222c82aab7fd0,-4.180428860239767,252.13221129781022,63570.65197392362,IV1;IV2;year_1;Region_1;PMC_BERT
M4,4,5,19,33,8,ce6ca82c326e584d8d688a7bedd72e06f508088c933485bfbfa222c82aab7fd0,-0.1034628544910261,646.7900935616482,418337.42512948567,IV1;IV2;year_1;Region_1;PMC_BERT
M4,5,1,20,32,9,ce6ca82c326e584d8d688a7bedd72e06f508088c933485bfbfa222c82aab7fd0,-0.36532966891021945,937.664113329987,879213.9894269106,IV1;IV2;year_1;Region_1;PMC_BERT
M4,5,2,21,33,8,ce6ca82c326e584d8d688a7bedd72e06f508088c933485bfbfa222c82aab7fd0,-0.5450324694795956,409.9132472051265,168028.87023425114,IV1;IV2;year_1;Region_1;PMC_BERT
M4,5,3,22,33,8,ce6ca82c326e584d8d688a7bedd72e06f508088c933485bfbfa222c82aab7fd0,-6.25728078789322,434.75399225845587,189011.03378466552,IV1;IV2;year_1;Region_1;PMC_BERT
M4,5,4,23,33,8,ce6ca82c326e584d8d688a7bedd72e06f508088c933485bfbfa222c82aab7fd0,-0.23745363777237283,202.15455383349223,40866.46363561831,IV1;IV2;year_1;Region_1;PMC_BERT
M4,5,5,24,33,8,ce6ca82c326e584d8d688a7bedd72e06f508088c933485bfbfa222c82aab7fd0,-0.10844910156683807,2450.1253852554346,6003114.403473092,IV1;IV2;year_1;Region_1;PMC_BERT
M4,6,1,25,32,9,ce6ca82c326e584d8d688a7bedd72e06f508088c933485bfbfa222c82aab7fd0,-0.2605957598485049,228.2283955699597,52088.200544438005,IV1;IV2;year_1;Region_1;PMC_BERT
M4,6,2,26,33,8,ce6ca82c326e584d8d688a7bedd72e06f508088c933485bfbfa222c82aab7fd0,0.20474246806118923,403.8515449422365,163096.07035223127,IV1;IV2;year_1;Region_1;PMC_BERT
M4,6,3,27,33,8,ce6ca82c326e584d8d688a7bedd72e06f508088c933485bfbfa222c82aab7fd0,-0.1312378415282529,2448.1694494819662,5993533.6533768345,IV1;IV2;year_1;Region_1;PMC_BERT
M4,6,4,28,33,8,ce6ca82c326e584d8d688a7bedd72e06f508088c933485bfbfa222c82aab7fd0,-1.5537734018812883,524.7501112740814,275362.6792821608,IV1;IV2;year_1;Region_1;PMC_BERT
M4,6,5,29,33,8,ce6ca82c326e584d8d688a7bedd72e06f508088c933485bfbfa222c82aab7fd0,-0.14328977906250895,867.9746090026377,753379.921873282,IV1;IV2;year_1;Region_1;PMC_BERT
M4,7,1,30,32,9,ce6ca82c326e584d8d688a7bedd72e06f508088c933485bfbfa222c82aab7fd0,-0.20597747686947154,523.2453509199828,273785.697259376,IV1;IV2;year_1;Region_1;PMC_BERT
M4,7,2,31,33,8,ce6ca82c326e584d8d688a7bedd72e06f508088c933485bfbfa222c82aab7fd0,-1.4807738765950593,274.35541675222044,75270.89470128455,IV1;IV2;year_1;Region_1;PMC_BERT
M4,7,3,32,33,8,ce6ca82c326e584d8d688a7bedd72e06f508088c933485bfbfa222c82aab7fd0,-0.15821441707060369,826.530445508603,683152.5773526496,IV1;IV2;year_1;Region_1;PMC_BERT
M4,7,4,33,33,8,ce6ca82c326e584d8d688a7bedd72e06f508088c933485bfbfa222c82aab7fd0,-0.2299056631316987,374.10572920644887,139955.09662508886,IV1;IV2;year_1;Region_1;PMC_BERT
M4,7,5,34,33,8,ce6ca82c326e584d8d688a7bedd72e06f508088c933485bfbfa222c82aab7fd0,-0.07449810254441158,2441.8712636004743,5962735.267997776,IV1;IV2;year_1;Region_1;PMC_BERT
M4,8,1,35,32,9,ce6ca82c326e584d8d688a7bedd72e06f508088c933485bfbfa222c82aab7fd0,-0.29691702040966983,253.35111893360266,64186.789464908485,IV1;IV2;year_1;Region_1;PMC_BERT
M4,8,2,36,33,8,ce6ca82c326e584d8d688a7bedd72e06f508088c933485bfbfa222c82aab7fd0,-0.08935648576890398,2454.3764337580196,6023963.678586734,IV1;IV2;year_1;Region_1;PMC_BERT
M4,8,3,37,33,8,ce6ca82c326e584d8d688a7bedd72e06f508088c933485bfbfa222c82aab7fd0,-6.159027473468198,279.91624383484066,78353.10356260597,IV1;IV2;year_1;Region_1;PMC_BERT
M4,8,4,38,33,8,ce6ca82c326e584d8d688a7bedd72e06f508088c933485bfbfa222c82aab7fd0,0.024954131331169194,701.2001818285705,491681.6949964204,IV1;IV2;year_1;Region_1;PMC_BERT
M4,8,5,39,33,8,ce6ca82c326e584d8d688a7bedd72e06f508088c933485bfbfa222c82aab7fd0,-0.24279745821428866,689.0768941124572,474826.9659996707,IV1;IV2;year_1;Region_1;PMC_BERT
M4,9,1,40,32,9,ce6ca82c326e584d8d688a7bedd72e06f508088c933485bfbfa222c82aab7fd0,-0.2618451638662833,2516.35149785185,6332024.86074125,IV1;IV2;year_1;Region_1;PMC_BERT
M4,9,2,41,33,8,ce6ca82c326e584d8d688a7bedd72e06f508088c933485bfbfa222c82aab7fd0,-2.3692376988074333,288.0382764666784,82966.04870989466,IV1;IV2;year_1;Region_1;PMC_BERT
M4,9,3,42,33,8,ce6ca82c326e584d8d688a7bedd72e06f508088c933485bfbfa222c82aab7fd0,-2.6488825885679312,274.17074722447904,75169.59863362918,IV1;IV2;year_1;Region_1;PMC_BERT
M4,9,4,43,33,8,ce6ca82c326e584d8d688a7bedd72e06f508088c933485bfbfa222c82aab7fd0,0.1924634362466362,408.2657428841157,166680.91681271885,IV1;IV2;year_1;Region_1;PMC_BERT
M4,9,5,44,33,8,ce6ca82c326e584d8d688a7bedd72e06f508088c933485bfbfa222c82aab7fd0,-1.3318639852524923,405.19608365299894,164183.8662077281,IV1;IV2;year_1;Region_1;PMC_BERT
M4,10,1,45,32,9,ce6ca82c326e584d8d688a7bedd72e06f508088c933485bfbfa222c82aab7fd0,-0.4931651478392829,360.0184937451856,129613.31583855225,IV1;IV2;year_1;Region_1;PMC_BERT
M4,10,2,46,33,8,ce6ca82c326e584d8d688a7bedd72e06f508088c933485bfbfa222c82aab7fd0,-1.6732224657394852,276.2713816635521,76325.87632628807,IV1;IV2;year_1;Region_1;PMC_BERT
M4,10,3,47,33,8,ce6ca82c326e584d8d688a7bedd72e06f508088c933485bfbfa222c82aab7fd0,-0.4127562712815873,259.35847739378363,67266.81979602177,IV1;IV2;year_1;Region_1;PMC_BERT
M4,10,4,48,33,8,ce6ca82c326e584d8d688a7bedd72e06f508088c933485bfbfa222c82aab7fd0,-0.25282716804698957,2584.947607422913,6681954.133121442,IV1;IV2;year_1;Region_1;PMC_BERT
M4,10,5,49,33,8,ce6ca82c326e584d8d688a7bedd72e06f508088c933485bfbfa222c82aab7fd0,0.0443266690186469,684.0477949554513,467921.38578341523,IV1;IV2;year_1;Region_1;PMC_BERT
M4,11,1,50,32,9,ce6ca82c326e584d8d688a7bedd72e06f508088c933485bfbfa222c82aab7fd0,-0.09587234737203154,2313.1687746867924,5350749.780185996,IV1;IV2;year_1;Region_1;PMC_BERT
M4,11,2,51,33,8,ce6ca82c326e584d8d688a7bedd72e06f508088c933485bfbfa222c82aab7fd0,-0.03316983644803173,727.1194686065073,528702.7216266096,IV1;IV2;year_1;Region_1;PMC_BERT
M4,11,3,52,33,8,ce6ca82c326e584d8d688a7bedd72e06f508088c933485bfbfa222c82aab7fd0,-0.1654318975872464,258.6831274893125,66916.9604476519,IV1;IV2;year_1;Region_1;PMC_BERT
M4,11,4,53,33,8,ce6ca82c326e584d8d688a7bedd72e06f508088c933485bfbfa222c82aab7fd0,0.12582623803691595,444.19199522943705,197306.52862590822,IV1;IV2;year_1;Region_1;PMC_BERT
M4,11,5,54,33,8,ce6ca82c326e584d8d688a7bedd72e06f508088c933485bfbfa222c82aab7fd0,-0.379532406310892,556.1358688736282,309287.10464782536,IV1;IV2;year_1;Region_1;PMC_BERT
M4,12,1,55,32,9,ce6ca82c326e584d8d688a7bedd72e06f508088c933485bfbfa222c82aab7fd0,-0.09591452482807283,2319.49299278903,5380047.74359741,IV1;IV2;year_1;Region_1;PMC_BERT
M4,12,2,56,33,8,ce6ca82c326e584d8d688a7bedd72e06f508088c933485bfbfa222c82aab7fd0,-0.17015903894130946,772.6991451825506,597063.9689658445,IV1;IV2;year_1;Region_1;PMC_BERT
M4,12,3,57,33,8,ce6ca82c326e584d8d688a7bedd72e06f508088c933485bfbfa222c82aab7fd0,-0.03251398500952485,637.8151990308542,406808.22811476816,IV1;IV2;year_1;Region_1;PMC_BERT
M4,12,4,58,33,8,ce6ca82c326e584d8d688a7bedd72e06f508088c933485bfbfa222c82aab7fd0,-2.8012304398993035,333.74812749843494,111387.8126087116,IV1;IV2;year_1;Region_1;PMC_BERT
M4,12,5,59,33,8,ce6ca82c326e584d8d688a7bedd72e06f508088c933485bfbfa222c82aab7fd0,-6.692057233172423,323.8926448673738,104906.44539918273,IV1;IV2;year_1;Region_1;PMC_BERT
M4,13,1,60,32,9,ce6ca82c326e584d8d688a7bedd72e06f508088c933485bfbfa222c82aab7fd0,-0.010447430793581125,494.3563239053933,244388.17498525413,IV1;IV2;year_1;Region_1;PMC_BERT
M4,13,2,61,33,8,ce6ca82c326e584d8d688a7bedd72e06f508088c933485bfbfa222c82aab7fd0,-0.23183832037392693,367.8754634042141,135332.35657486526,IV1;IV2;year_1;Region_1;PMC_BERT
M4,13,3,62,33,8,ce6ca82c326e584d8d688a7bedd72e06f508088c933485bfbfa222c82aab7fd0,-0.2178856955323436,2526.238704870174,6381881.993984135,IV1;IV2;year_1;Region_1;PMC_BERT
M4,13,4,63,33,8,ce6ca82c326e584d8d688a7bedd72e06f508088c933485bfbfa222c82aab7fd0,-0.5946486161170152,203.38744501671977,41366.452790429204,IV1;IV2;year_1;Region_1;PMC_BERT
M4,13,5,64,33,8,ce6ca82c326e584d8d688a7bedd72e06f508088c933485bfbfa222c82aab7fd0,0.010786385249437647,702.7658872531856,493879.89228675724,IV1;IV2;year_1;Region_1;PMC_BERT
M4,14,1,65,32,9,ce6ca82c326e584d8d688a7bedd72e06f508088c933485bfbfa222c82aab7fd0,-0.1348984445203485,729.0592259654163,531527.3549652919,IV1;IV2;year_1;Region_1;PMC_BERT
M4,14,2,66,33,8,ce6ca82c326e584d8d688a7bedd72e06f508088c933485bfbfa222c82aab7fd0,-6.267816940095746,275.3226125658451,75802.54099008245,IV1;IV2;year_1;Region_1;PMC_BERT
M4,14,3,67,33,8,ce6ca82c326e584d8d688a7bedd72e06f508088c933485bfbfa222c82aab7fd0,-0.3157163350370984,194.05359040282076,37656.79594822573,IV1;IV2;year_1;Region_1;PMC_BERT
M4,14,4,68,33,8,ce6ca82c326e584d8d688a7bedd72e06f508088c933485bfbfa222c82aab7fd0,-0.028005287649550903,617.5438113622581,381360.3589518242,IV1;IV2;year_1;Region_1;PMC_BERT
M4,14,5,69,33,8,ce6ca82c326e584d8d688a7bedd72e06f508088c933485bfbfa222c82aab7fd0,-0.10773526148495982,2460.6127353269244,6054615.0332530495,IV1;IV2;year_1;Region_1;PMC_BERT
M4,15,1,70,32,9,ce6ca82c326e584d8d688a7bedd72e06f508088c933485bfbfa222c82aab7fd0,-0.28440200207663224,2491.946567424617,6209797.694899332,IV1;IV2;year_1;Region_1;PMC_BERT
M4,15,2,71,33,8,ce6ca82c326e584d8d688a7bedd72e06f508088c933485bfbfa222c82aab7fd0,-1.4520045698219692,294.8160377348252,86916.49610566189,IV1;IV2;year_1;Region_1;PMC_BERT
M4,15,3,72,33,8,ce6ca82c326e584d8d688a7bedd72e06f508088c933485bfbfa222c82aab7fd0,-1.647808428501965,306.25846809470187,93794.2492797135,IV1;IV2;year_1;Region_1;PMC_BERT
M4,15,4,73,33,8,ce6ca82c326e584d8d688a7bedd72e06f508088c933485bfbfa222c82aab7fd0,-0.055525566400113524,543.7288219417102,295641.0318101199,IV1;IV2;year_1;Region_1;PMC_BERT
M4,15,5,74,33,8,ce6ca82c326e584d8d688a7bedd72e06f508088c933485bfbfa222c82aab7fd0,-0.39292993419545796,408.1983024623699,166625.85413316044,IV1;IV2;year_1;Region_1;PMC_BERT
M4,16,1,75,32,9,ce6ca82c326e584d8d688a7bedd72e06f508088c933485bfbfa222c82aab7fd0,-0.05421041762363621,619.912717289814,384291.7770576409,IV1;IV2;year_1;Region_1;PMC_BERT
M4,16,2,76,33,8,ce6ca82c326e584d8d688a7bedd72e06f508088c933485bfbfa222c82aab7fd0,-0.09680671776835004,2451.671673955626,6010693.99687638,IV1;IV2;year_1;Region_1;PMC_BERT
M4,16,3,77,33,8,ce6ca82c326e584d8d688a7bedd72e06f508088c933485bfbfa222c82aab7fd0,-0.4239705477231017,384.695561557573,147990.67508209645,IV1;IV2;year_1;Region_1;PMC_BERT
M4,16,4,78,33,8,ce6ca82c326e584d8d688a7bedd72e06f508088c933485bfbfa222c82aab7fd0,-0.5969983756199535,260.5897713438011,67907.02892901454,IV1;IV2;year_1;Region_1;PMC_BERT
M4,16,5,79,33,8,ce6ca82c326e584d8d688a7bedd72e06f508088c933485bfbfa222c82aab7fd0,-0.04132395118784804,728.0195321531006,530012.4391964196,IV1;IV2;year_1;Region_1;PMC_BERT
M4,17,1,80,32,9,ce6ca82c326e584d8d688a7bedd72e06f508088c933485bfbfa222c82aab7fd0,0.23341635571623387,402.22116411229604,161781.86485985058,IV1;IV2;year_1;Region_1;PMC_BERT
M4,17,2,81,33,8,ce6ca82c326e584d8d688a7bedd72e06f508088c933485bfbfa222c82aab7fd0,-0.1068963988542655,862.6654022643443,744191.596263903,IV1;IV2;year_1;Region_1;PMC_BERT
M4,17,3,82,33,8,ce6ca82c326e584d8d688a7bedd72e06f508088c933485bfbfa222c82aab7fd0,-0.0985771186419111,2438.954045837008,5948496.837704709,IV1;IV2;year_1;Region_1;PMC_BERT
M4,17,4,83,33,8,ce6ca82c326e584d8d688a7bedd72e06f508088c933485bfbfa222c82aab7fd0,-1.6077652977739665,494.77037357031105,244797.72256290517,IV1;IV2;year_1;Region_1;PMC_BERT
M4,17,5,84,33,8,ce6ca82c326e584d8d688a7bedd72e06f508088c933485bfbfa222c82aab7fd0,-0.9312486681501138,224.30388725868548,50312.23383935708,IV1;IV2;year_1;Region_1;PMC_BERT
M4,18,1,85,32,9,ce6ca82c326e584d8d688a7bedd72e06f508088c933485bfbfa222c82aab7fd0,-0.12334614416411127,2370.732754689559,5620373.794157945,IV1;IV2;year_1;Region_1;PMC_BERT
M4,18,2,86,33,8,ce6ca82c326e584d8d688a7bedd72e06f508088c933485bfbfa222c82aab7fd0,-0.041639655924194496,739.4039813864873,546718.2476901889,IV1;IV2;year_1;Region_1;PMC_BERT
M4,18,3,87,33,8,ce6ca82c326e584d8d688a7bedd72e06f508088c933485bfbfa222c82aab7fd0,-1.1014626307930895,229.5629106404501,52699.12994171528,IV1;IV2;year_1;Region_1;PMC_BERT
M4,18,4,88,33,8,ce6ca82c326e584d8d688a7bedd72e06f508088c933485bfbfa222c82aab7fd0,0.10854043342915909,392.5963074098349,154131.86059183755,IV1;IV2;year_1;Region_1;PMC_BERT
M4,18,5,89,33,8,ce6ca82c326e584d8d688a7bedd72e06f508088c933485bfbfa222c82aab7fd0,-0.20931905967533182,357.24776159657483,127625.96316576317,IV1;IV2;year_1;Region_1;PMC_BERT
M4,19,1,90,32,9,ce6ca82c326e584d8d688a7bedd72e06f508088c933485bfbfa222c82aab7fd0,0.0293632692077338,593.5640938328819,352318.3334876502,IV1;IV2;year_1;Region_1;PMC_BERT
M4,19,2,91,33,8,ce6ca82c326e584d8d688a7bedd72e06f508088c933485bfbfa222c82aab7fd0,-0.64812333780797,267.3037646614333,71451.30260217492,IV1;IV2;year_1;Region_1;PMC_BERT
M4,19,3,92,33,8,ce6ca82c326e584d8d688a7bedd72e06f508088c933485bfbfa222c82aab7fd0,-0.6409744212741724,426.92187151035074,182262.28437390045,IV1;IV2;year_1;Region_1;PMC_BERT
M4,19,4,93,33,8,ce6ca82c326e584d8d688a7bedd72e06f508088c933485bfbfa222c82aab7fd0,-0.05084446835365264,716.1555513156134,512878.77368017007,IV1;IV2;year_1;Region_1;PMC_BERT
M4,19,5,94,33,8,ce6ca82c326e584d8d688a7bedd72e06f508088c933485bfbfa222c82aab7fd0,-0.10172316186408015,2436.762581841267,5937811.880261718,IV1;IV2;year_1;Region_1;PMC_BERT
M4,20,1,95,32,9,ce6ca82c326e584d8d688a7bedd72e06f508088c933485bfbfa222c82aab7fd0,-0.01811770298833726,509.27480129812784,259360.82323724762,IV1;IV2;year_1;Region_1;PMC_BERT
M4,20,2,96,33,8,ce6ca82c326e584d8d688a7bedd72e06f508088c933485bfbfa222c82aab7fd0,-0.18848311686302122,2532.1196632589667,6411629.989062704,IV1;IV2;year_1;Region_1;PMC_BERT
M4,20,3,97,33,8,ce6ca82c326e584d8d688a7bedd72e06f508088c933485bfbfa222c82aab7fd0,-3.588613993433632,250.9070362065987,62954.34081797942,IV1;IV2;year_1;Region_1;PMC_BERT
M4,20,4,98,33,8,ce6ca82c326e584d8d688a7bedd72e06f508088c933485bfbfa222c82aab7fd0,-0.06291286911270366,689.668485612831,475642.6200474956,IV1;IV2;year_1;Region_1;PMC_BERT
M4,20,5,99,33,8,ce6ca82c326e584d8d688a7bedd72e06f508088c933485bfbfa222c82aab7fd0,-1.566733251027146,285.0158374897311,81234.0276199728,IV1;IV2;year_1;Region_1;PMC_BERT
