city_key,pmc_code,indicator,source_label,dimension,value
白沙,P1,x1_1,X1: 1,x1,0.0
北海,P2,x1_1,X1: 1,x1,0.0
北京,P3,x1_1,X1: 1,x1,1.0
澄迈,P4,x1_1,X1: 1,x1,0.0
儋州,P5,x1_1,X1: 1,x1,0.0
定安,P6,x1_1,X1: 1,x1,1.0
东方,P7,x1_1,X1: 1,x1,0.0
东莞,P8,x1_1,X1: 1,x1,0.0
东营,P9,x1_1,X1: 1,x1,0.0
佛山,P10,x1_1,X1: 1,x1,0.0
广州,P11,x1_1,X1: 1,x1,0.0
海口,P12,x1_1,X1: 1,x1,0.0
合肥,P13,x1_1,X1: 1,x1,0.0
惠州,P14,x1_1,X1: 1,x1,0.0
九江,P15,x1_1,X1: 1,x1,0.0
兰州,P16,x1_1,X1: 1,x1,0.0
乐东,P17,x1_1,X1: 1,x1,0.0
乐山,P18,x1_1,X1: 1,x1,0.0
丽水,P19,x1_1,X1: 1,x1,1.0
临高,P20,x1_1,X1: 1,x1,1.0
陵水,P21,x1_1,X1: 1,x1,1.0
六安,P22,x1_1,X1: 1,x1,0.0
清远,P23,x1_1,X1: 1,x1,0.0
琼海,P24,x1_1,X1: 1,x1,0.0
琼中,P25,x1_1,X1: 1,x1,0.0
汕头,P26,x1_1,X1: 1,x1,0.0
上海,P27,x1_1,X1: 1,x1,0.0
上饶,P28,x1_1,X1: 1,x1,0.0
韶关,P29,x1_1,X1: 1,x1,0.0
深圳,P30,x1_1,X1: 1,x1,0.0
万宁,P31,x1_1,X1: 1,x1,0.0
文昌,P32,x1_1,X1: 1,x1,1.0
五指山,P33,x1_1,X1: 1,x1,1.0
信阳,P34,x1_1,X1: 1,x1,0.0
义乌,P35,x1_1,X1: 1,x1,1.0
肇庆,P36,x1_1,X1: 1,x1,0.0
中山,P37,x1_1,X1: 1,x1,0.0
中卫,P38,x1_1,X1: 1,x1,0.0
珠海,P39,x1_1,X1: 1,x1,0.0
屯昌,P40,x1_1,X1: 1,x1,1.0
昌江,P41,x1_1,X1: 1,x1,1.0
白沙,P1,x1_2,X1: 2,x1,0.0
北海,P2,x1_2,X1: 2,x1,1.0
北京,P3,x1_2,X1: 2,x1,0.0
澄迈,P4,x1_2,X1: 2,x1,0.0
儋州,P5,x1_2,X1: 2,x1,1.0
定安,P6,x1_2,X1: 2,x1,0.0
东方,P7,x1_2,X1: 2,x1,0.0
东莞,P8,x1_2,X1: 2,x1,1.0
东营,P9,x1_2,X1: 2,x1,1.0
佛山,P10,x1_2,X1: 2,x1,1.0
广州,P11,x1_2,X1: 2,x1,1.0
海口,P12,x1_2,X1: 2,x1,0.0
合肥,P13,x1_2,X1: 2,x1,1.0
惠州,P14,x1_2,X1: 2,x1,1.0
九江,P15,x1_2,X1: 2,x1,1.0
兰州,P16,x1_2,X1: 2,x1,1.0
乐东,P17,x1_2,X1: 2,x1,0.0
乐山,P18,x1_2,X1: 2,x1,1.0
丽水,P19,x1_2,X1: 2,x1,0.0
临高,P20,x1_2,X1: 2,x1,0.0
陵水,P21,x1_2,X1: 2,x1,1.0
六安,P22,x1_2,X1: 2,x1,1.0
清远,P23,x1_2,X1: 2,x1,1.0
琼海,P24,x1_2,X1: 2,x1,1.0
琼中,P25,x1_2,X1: 2,x1,0.0
汕头,P26,x1_2,X1: 2,x1,1.0
上海,P27,x1_2,X1: 2,x1,1.0
上饶,P28,x1_2,X1: 2,x1,1.0
韶关,P29,x1_2,X1: 2,x1,1.0
深圳,P30,x1_2,X1: 2,x1,1.0
万宁,P31,x1_2,X1: 2,x1,0.0
文昌,P32,x1_2,X1: 2,x1,0.0
五指山,P33,x1_2,X1: 2,x1,0.0
信阳,P34,x1_2,X1: 2,x1,1.0
义乌,P35,x1_2,X1: 2,x1,0.0
肇庆,P36,x1_2,X1: 2,x1,1.0
中山,P37,x1_2,X1: 2,x1,1.0
中卫,P38,x1_2,X1: 2,x1,1.0
珠海,P39,x1_2,X1: 2,x1,1.0
屯昌,P40,x1_2,X1: 2,x1,0.0
昌江,P41,x1_2,X1: 2,x1,0.0
白沙,P1,x1_3,X1: 3,x1,1.0
北海,P2,x1_3,X1: 3,x1,0.0
北京,P3,x1_3,X1: 3,x1,0.0
澄迈,P4,x1_3,X1: 3,x1,1.0
儋州,P5,x1_3,X1: 3,x1,0.0
定安,P6,x1_3,X1: 3,x1,0.0
东方,P7,x1_3,X1: 3,x1,1.0
东莞,P8,x1_3,X1: 3,x1,0.0
东营,P9,x1_3,X1: 3,x1,0.0
佛山,P10,x1_3,X1: 3,x1,0.0
广州,P11,x1_3,X1: 3,x1,0.0
海口,P12,x1_3,X1: 3,x1,0.0
合肥,P13,x1_3,X1: 3,x1,0.0
惠州,P14,x1_3,X1: 3,x1,0.0
九江,P15,x1_3,X1: 3,x1,0.0
兰州,P16,x1_3,X1: 3,x1,0.0
乐东,P17,x1_3,X1: 3,x1,1.0
乐山,P18,x1_3,X1: 3,x1,0.0
丽水,P19,x1_3,X1: 3,x1,0.0
临高,P20,x1_3,X1: 3,x1,0.0
陵水,P21,x1_3,X1: 3,x1,0.0
六安,P22,x1_3,X1: 3,x1,0.0
清远,P23,x1_3,X1: 3,x1,0.0
琼海,P24,x1_3,X1: 3,x1,0.0
琼中,P25,x1_3,X1: 3,x1,1.0
汕头,P26,x1_3,X1: 3,x1,0.0
上海,P27,x1_3,X1: 3,x1,0.0
上饶,P28,x1_3,X1: 3,x1,0.0
韶关,P29,x1_3,X1: 3,x1,0.0
深圳,P30,x1_3,X1: 3,x1,0.0
万宁,P31,x1_3,X1: 3,x1,1.0
文昌,P32,x1_3,X1: 3,x1,0.0
五指山,P33,x1_3,X1: 3,x1,0.0
信阳,P34,x1_3,X1: 3,x1,0.0
义乌,P35,x1_3,X1: 3,x1,0.0
肇庆,P36,x1_3,X1: 3,x1,0.0
中山,P37,x1_3,X1: 3,x1,0.0
中卫,P38,x1_3,X1: 3,x1,0.0
珠海,P39,x1_3,X1: 3,x1,0.0
屯昌,P40,x1_3,X1: 3,x1,0.0
昌江,P41,x1_3,X1: 3,x1,0.0
白沙,P1,x2_1,X2: 1,x2,0.0
北海,P2,x2_1,X2: 1,x2,0.0
北京,P3,x2_1,X2: 1,x2,0.0
澄迈,P4,x2_1,X2: 1,x2,0.0
儋州,P5,x2_1,X2: 1,x2,1.0
定安,P6,x2_1,X2: 1,x2,0.0
东方,P7,x2_1,X2: 1,x2,0.0
东莞,P8,x2_1,X2: 1,x2,0.0
东营,P9,x2_1,X2: 1,x2,0.0
佛山,P10,x2_1,X2: 1,x2,0.0
广州,P11,x2_1,X2: 1,x2,0.0
海口,P12,x2_1,X2: 1,x2,0.0
合肥,P13,x2_1,X2: 1,x2,2.0
惠州,P14,x2_1,X2: 1,x2,0.0
九江,P15,x2_1,X2: 1,x2,0.0
兰州,P16,x2_1,X2: 1,x2,0.0
乐东,P17,x2_1,X2: 1,x2,0.0
乐山,P18,x2_1,X2: 1,x2,0.0
丽水,P19,x2_1,X2: 1,x2,0.0
临高,P20,x2_1,X2: 1,x2,0.0
陵水,P21,x2_1,X2: 1,x2,0.0
六安,P22,x2_1,X2: 1,x2,0.0
清远,P23,x2_1,X2: 1,x2,0.0
琼海,P24,x2_1,X2: 1,x2,0.0
琼中,P25,x2_1,X2: 1,x2,1.0
汕头,P26,x2_1,X2: 1,x2,1.0
上海,P27,x2_1,X2: 1,x2,0.0
上饶,P28,x2_1,X2: 1,x2,0.0
韶关,P29,x2_1,X2: 1,x2,0.0
深圳,P30,x2_1,X2: 1,x2,1.0
万宁,P31,x2_1,X2: 1,x2,0.0
文昌,P32,x2_1,X2: 1,x2,0.0
五指山,P33,x2_1,X2: 1,x2,0.0
信阳,P34,x2_1,X2: 1,x2,0.0
义乌,P35,x2_1,X2: 1,x2,0.0
肇庆,P36,x2_1,X2: 1,x2,0.0
中山,P37,x2_1,X2: 1,x2,0.0
中卫,P38,x2_1,X2: 1,x2,0.0
珠海,P39,x2_1,X2: 1,x2,1.0
屯昌,P40,x2_1,X2: 1,x2,0.0
昌江,P41,x2_1,X2: 1,x2,0.0
白沙,P1,x2_2,X2: 2,x2,0.0
北海,P2,x2_2,X2: 2,x2,0.0
北京,P3,x2_2,X2: 2,x2,0.0
澄迈,P4,x2_2,X2: 2,x2,0.0
儋州,P5,x2_2,X2: 2,x2,0.0
定安,P6,x2_2,X2: 2,x2,0.0
东方,P7,x2_2,X2: 2,x2,1.0
东莞,P8,x2_2,X2: 2,x2,1.0
东营,P9,x2_2,X2: 2,x2,1.0
佛山,P10,x2_2,X2: 2,x2,1.0
广州,P11,x2_2,X2: 2,x2,0.0
海口,P12,x2_2,X2: 2,x2,0.0
合肥,P13,x2_2,X2: 2,x2,0.0
惠州,P14,x2_2,X2: 2,x2,1.0
九江,P15,x2_2,X2: 2,x2,0.0
兰州,P16,x2_2,X2: 2,x2,1.0
乐东,P17,x2_2,X2: 2,x2,0.0
乐山,P18,x2_2,X2: 2,x2,0.0
丽水,P19,x2_2,X2: 2,x2,0.0
临高,P20,x2_2,X2: 2,x2,0.0
陵水,P21,x2_2,X2: 2,x2,0.0
六安,P22,x2_2,X2: 2,x2,0.0
清远,P23,x2_2,X2: 2,x2,1.0
琼海,P24,x2_2,X2: 2,x2,0.0
琼中,P25,x2_2,X2: 2,x2,0.0
汕头,P26,x2_2,X2: 2,x2,0.0
上海,P27,x2_2,X2: 2,x2,0.0
上饶,P28,x2_2,X2: 2,x2,0.0
韶关,P29,x2_2,X2: 2,x2,0.0
深圳,P30,x2_2,X2: 2,x2,0.0
万宁,P31,x2_2,X2: 2,x2,0.0
文昌,P32,x2_2,X2: 2,x2,0.0
五指山,P33,x2_2,X2: 2,x2,0.0
信阳,P34,x2_2,X2: 2,x2,0.0
义乌,P35,x2_2,X2: 2,x2,0.0
肇庆,P36,x2_2,X2: 2,x2,0.0
中山,P37,x2_2,X2: 2,x2,1.0
中卫,P38,x2_2,X2: 2,x2,1.0
珠海,P39,x2_2,X2: 2,x2,0.0
屯昌,P40,x2_2,X2: 2,x2,0.0
昌江,P41,x2_2,X2: 2,x2,0.0
白沙,P1,x2_3,X2: 3,x2,0.0
北海,P2,x2_3,X2: 3,x2,0.0
北京,P3,x2_3,X2: 3,x2,1.0
澄迈,P4,x2_3,X2: 3,x2,0.0
儋州,P5,x2_3,X2: 3,x2,0.0
定安,P6,x2_3,X2: 3,x2,0.0
东方,P7,x2_3,X2: 3,x2,0.0
东莞,P8,x2_3,X2: 3,x2,0.0
东营,P9,x2_3,X2: 3,x2,0.0
佛山,P10,x2_3,X2: 3,x2,0.0
广州,P11,x2_3,X2: 3,x2,0.0
海口,P12,x2_3,X2: 3,x2,0.0
合肥,P13,x2_3,X2: 3,x2,0.0
惠州,P14,x2_3,X2: 3,x2,0.0
九江,P15,x2_3,X2: 3,x2,0.0
兰州,P16,x2_3,X2: 3,x2,0.0
乐东,P17,x2_3,X2: 3,x2,0.0
乐山,P18,x2_3,X2: 3,x2,1.0
丽水,P19,x2_3,X2: 3,x2,0.0
临高,P20,x2_3,X2: 3,x2,0.0
陵水,P21,x2_3,X2: 3,x2,0.0
六安,P22,x2_3,X2: 3,x2,0.0
清远,P23,x2_3,X2: 3,x2,0.0
琼海,P24,x2_3,X2: 3,x2,0.0
琼中,P25,x2_3,X2: 3,x2,0.0
汕头,P26,x2_3,X2: 3,x2,0.0
上海,P27,x2_3,X2: 3,x2,1.0
上饶,P28,x2_3,X2: 3,x2,0.0
韶关,P29,x2_3,X2: 3,x2,0.0
深圳,P30,x2_3,X2: 3,x2,1.0
万宁,P31,x2_3,X2: 3,x2,0.0
文昌,P32,x2_3,X2: 3,x2,0.0
五指山,P33,x2_3,X2: 3,x2,0.0
信阳,P34,x2_3,X2: 3,x2,0.0
义乌,P35,x2_3,X2: 3,x2,0.0
肇庆,P36,x2_3,X2: 3,x2,0.0
中山,P37,x2_3,X2: 3,x2,0.0
中卫,P38,x2_3,X2: 3,x2,0.0
珠海,P39,x2_3,X2: 3,x2,0.0
屯昌,P40,x2_3,X2: 3,x2,0.0
昌江,P41,x2_3,X2: 3,x2,0.0
白沙,P1,x2_4,X2: 4,x2,0.0
北海,P2,x2_4,X2: 4,x2,1.0
北京,P3,x2_4,X2: 4,x2,0.0
澄迈,P4,x2_4,X2: 4,x2,1.0
儋州,P5,x2_4,X2: 4,x2,0.0
定安,P6,x2_4,X2: 4,x2,1.0
东方,P7,x2_4,X2: 4,x2,0.0
东莞,P8,x2_4,X2: 4,x2,0.0
东营,P9,x2_4,X2: 4,x2,0.0
佛山,P10,x2_4,X2: 4,x2,0.0
广州,P11,x2_4,X2: 4,x2,1.0
海口,P12,x2_4,X2: 4,x2,0.0
合肥,P13,x2_4,X2: 4,x2,0.0
惠州,P14,x2_4,X2: 4,x2,0.0
九江,P15,x2_4,X2: 4,x2,1.0
兰州,P16,x2_4,X2: 4,x2,0.0
乐东,P17,x2_4,X2: 4,x2,1.0
乐山,P18,x2_4,X2: 4,x2,0.0
丽水,P19,x2_4,X2: 4,x2,1.0
临高,P20,x2_4,X2: 4,x2,1.0
陵水,P21,x2_4,X2: 4,x2,1.0
六安,P22,x2_4,X2: 4,x2,1.0
清远,P23,x2_4,X2: 4,x2,0.0
琼海,P24,x2_4,X2: 4,x2,1.0
琼中,P25,x2_4,X2: 4,x2,0.0
汕头,P26,x2_4,X2: 4,x2,0.0
上海,P27,x2_4,X2: 4,x2,0.0
上饶,P28,x2_4,X2: 4,x2,1.0
韶关,P29,x2_4,X2: 4,x2,0.0
深圳,P30,x2_4,X2: 4,x2,0.0
万宁,P31,x2_4,X2: 4,x2,1.0
文昌,P32,x2_4,X2: 4,x2,1.0
五指山,P33,x2_4,X2: 4,x2,1.0
信阳,P34,x2_4,X2: 4,x2,1.0
义乌,P35,x2_4,X2: 4,x2,2.0
肇庆,P36,x2_4,X2: 4,x2,1.0
中山,P37,x2_4,X2: 4,x2,0.0
中卫,P38,x2_4,X2: 4,x2,0.0
珠海,P39,x2_4,X2: 4,x2,0.0
屯昌,P40,x2_4,X2: 4,x2,1.0
昌江,P41,x2_4,X2: 4,x2,1.0
白沙,P1,x3_1,X3: 1,x3,0.0
北海,P2,x3_1,X3: 1,x3,0.0
北京,P3,x3_1,X3: 1,x3,0.0
澄迈,P4,x3_1,X3: 1,x3,0.0
儋州,P5,x3_1,X3: 1,x3,0.0
定安,P6,x3_1,X3: 1,x3,0.0
东方,P7,x3_1,X3: 1,x3,0.0
东莞,P8,x3_1,X3: 1,x3,0.0
东营,P9,x3_1,X3: 1,x3,0.0
佛山,P10,x3_1,X3: 1,x3,0.0
广州,P11,x3_1,X3: 1,x3,0.0
海口,P12,x3_1,X3: 1,x3,0.0
合肥,P13,x3_1,X3: 1,x3,0.0
惠州,P14,x3_1,X3: 1,x3,0.0
九江,P15,x3_1,X3: 1,x3,0.0
兰州,P16,x3_1,X3: 1,x3,0.0
乐东,P17,x3_1,X3: 1,x3,0.0
乐山,P18,x3_1,X3: 1,x3,1.0
丽水,P19,x3_1,X3: 1,x3,0.0
临高,P20,x3_1,X3: 1,x3,0.0
陵水,P21,x3_1,X3: 1,x3,0.0
六安,P22,x3_1,X3: 1,x3,0.0
清远,P23,x3_1,X3: 1,x3,1.0
琼海,P24,x3_1,X3: 1,x3,0.0
琼中,P25,x3_1,X3: 1,x3,0.0
汕头,P26,x3_1,X3: 1,x3,2.0
上海,P27,x3_1,X3: 1,x3,0.0
上饶,P28,x3_1,X3: 1,x3,0.0
韶关,P29,x3_1,X3: 1,x3,0.0
深圳,P30,x3_1,X3: 1,x3,0.0
万宁,P31,x3_1,X3: 1,x3,0.0
文昌,P32,x3_1,X3: 1,x3,0.0
五指山,P33,x3_1,X3: 1,x3,0.0
信阳,P34,x3_1,X3: 1,x3,0.0
义乌,P35,x3_1,X3: 1,x3,0.0
肇庆,P36,x3_1,X3: 1,x3,0.0
中山,P37,x3_1,X3: 1,x3,0.0
中卫,P38,x3_1,X3: 1,x3,0.0
珠海,P39,x3_1,X3: 1,x3,0.0
屯昌,P40,x3_1,X3: 1,x3,0.0
昌江,P41,x3_1,X3: 1,x3,0.0
白沙,P1,x3_2,X3: 2,x3,0.0
北海,P2,x3_2,X3: 2,x3,0.0
北京,P3,x3_2,X3: 2,x3,3.0
澄迈,P4,x3_2,X3: 2,x3,1.0
儋州,P5,x3_2,X3: 2,x3,1.0
定安,P6,x3_2,X3: 2,x3,0.0
东方,P7,x3_2,X3: 2,x3,0.0
东莞,P8,x3_2,X3: 2,x3,1.0
东营,P9,x3_2,X3: 2,x3,1.0
佛山,P10,x3_2,X3: 2,x3,1.0
广州,P11,x3_2,X3: 2,x3,0.0
海口,P12,x3_2,X3: 2,x3,1.0
合肥,P13,x3_2,X3: 2,x3,2.0
惠州,P14,x3_2,X3: 2,x3,2.0
九江,P15,x3_2,X3: 2,x3,3.0
兰州,P16,x3_2,X3: 2,x3,1.0
乐东,P17,x3_2,X3: 2,x3,0.0
乐山,P18,x3_2,X3: 2,x3,0.0
丽水,P19,x3_2,X3: 2,x3,1.0
临高,P20,x3_2,X3: 2,x3,2.0
陵水,P21,x3_2,X3: 2,x3,0.0
六安,P22,x3_2,X3: 2,x3,2.0
清远,P23,x3_2,X3: 2,x3,3.0
琼海,P24,x3_2,X3: 2,x3,1.0
琼中,P25,x3_2,X3: 2,x3,1.0
汕头,P26,x3_2,X3: 2,x3,2.0
上海,P27,x3_2,X3: 2,x3,0.0
上饶,P28,x3_2,X3: 2,x3,3.0
韶关,P29,x3_2,X3: 2,x3,1.0
深圳,P30,x3_2,X3: 2,x3,0.0
万宁,P31,x3_2,X3: 2,x3,0.0
文昌,P32,x3_2,X3: 2,x3,0.0
五指山,P33,x3_2,X3: 2,x3,0.0
信阳,P34,x3_2,X3: 2,x3,1.0
义乌,P35,x3_2,X3: 2,x3,0.0
肇庆,P36,x3_2,X3: 2,x3,0.0
中山,P37,x3_2,X3: 2,x3,0.0
中卫,P38,x3_2,X3: 2,x3,1.0
珠海,P39,x3_2,X3: 2,x3,1.0
屯昌,P40,x3_2,X3: 2,x3,0.0
昌江,P41,x3_2,X3: 2,x3,0.0
白沙,P1,x3_3,X3: 3,x3,1.0
北海,P2,x3_3,X3: 3,x3,0.0
北京,P3,x3_3,X3: 3,x3,1.0
澄迈,P4,x3_3,X3: 3,x3,0.0
儋州,P5,x3_3,X3: 3,x3,0.0
定安,P6,x3_3,X3: 3,x3,0.0
东方,P7,x3_3,X3: 3,x3,0.0
东莞,P8,x3_3,X3: 3,x3,3.0
东营,P9,x3_3,X3: 3,x3,2.0
佛山,P10,x3_3,X3: 3,x3,0.0
广州,P11,x3_3,X3: 3,x3,0.0
海口,P12,x3_3,X3: 3,x3,0.0
合肥,P13,x3_3,X3: 3,x3,1.0
惠州,P14,x3_3,X3: 3,x3,1.0
九江,P15,x3_3,X3: 3,x3,1.0
兰州,P16,x3_3,X3: 3,x3,0.0
乐东,P17,x3_3,X3: 3,x3,0.0
乐山,P18,x3_3,X3: 3,x3,0.0
丽水,P19,x3_3,X3: 3,x3,0.0
临高,P20,x3_3,X3: 3,x3,0.0
陵水,P21,x3_3,X3: 3,x3,0.0
六安,P22,x3_3,X3: 3,x3,1.0
清远,P23,x3_3,X3: 3,x3,0.0
琼海,P24,x3_3,X3: 3,x3,0.0
琼中,P25,x3_3,X3: 3,x3,1.0
汕头,P26,x3_3,X3: 3,x3,0.0
上海,P27,x3_3,X3: 3,x3,0.0
上饶,P28,x3_3,X3: 3,x3,2.0
韶关,P29,x3_3,X3: 3,x3,0.0
深圳,P30,x3_3,X3: 3,x3,0.0
万宁,P31,x3_3,X3: 3,x3,0.0
文昌,P32,x3_3,X3: 3,x3,0.0
五指山,P33,x3_3,X3: 3,x3,0.0
信阳,P34,x3_3,X3: 3,x3,0.0
义乌,P35,x3_3,X3: 3,x3,1.0
肇庆,P36,x3_3,X3: 3,x3,0.0
中山,P37,x3_3,X3: 3,x3,3.0
中卫,P38,x3_3,X3: 3,x3,0.0
珠海,P39,x3_3,X3: 3,x3,0.0
屯昌,P40,x3_3,X3: 3,x3,0.0
昌江,P41,x3_3,X3: 3,x3,1.0
白沙,P1,x4_1,X4: 1,x4,1.0
北海,P2,x4_1,X4: 1,x4,1.0
北京,P3,x4_1,X4: 1,x4,1.0
澄迈,P4,x4_1,X4: 1,x4,1.0
儋州,P5,x4_1,X4: 1,x4,1.0
定安,P6,x4_1,X4: 1,x4,1.0
东方,P7,x4_1,X4: 1,x4,1.0
东莞,P8,x4_1,X4: 1,x4,1.0
东营,P9,x4_1,X4: 1,x4,1.0
佛山,P10,x4_1,X4: 1,x4,2.0
广州,P11,x4_1,X4: 1,x4,0.0
海口,P12,x4_1,X4: 1,x4,0.0
合肥,P13,x4_1,X4: 1,x4,0.0
惠州,P14,x4_1,X4: 1,x4,1.0
九江,P15,x4_1,X4: 1,x4,1.0
兰州,P16,x4_1,X4: 1,x4,1.0
乐东,P17,x4_1,X4: 1,x4,1.0
乐山,P18,x4_1,X4: 1,x4,1.0
丽水,P19,x4_1,X4: 1,x4,1.0
临高,P20,x4_1,X4: 1,x4,1.0
陵水,P21,x4_1,X4: 1,x4,1.0
六安,P22,x4_1,X4: 1,x4,1.0
清远,P23,x4_1,X4: 1,x4,0.0
琼海,P24,x4_1,X4: 1,x4,1.0
琼中,P25,x4_1,X4: 1,x4,1.0
汕头,P26,x4_1,X4: 1,x4,0.0
上海,P27,x4_1,X4: 1,x4,0.0
上饶,P28,x4_1,X4: 1,x4,0.0
韶关,P29,x4_1,X4: 1,x4,0.0
深圳,P30,x4_1,X4: 1,x4,0.0
万宁,P31,x4_1,X4: 1,x4,1.0
文昌,P32,x4_1,X4: 1,x4,1.0
五指山,P33,x4_1,X4: 1,x4,1.0
信阳,P34,x4_1,X4: 1,x4,0.0
义乌,P35,x4_1,X4: 1,x4,1.0
肇庆,P36,x4_1,X4: 1,x4,1.0
中山,P37,x4_1,X4: 1,x4,2.0
中卫,P38,x4_1,X4: 1,x4,1.0
珠海,P39,x4_1,X4: 1,x4,1.0
屯昌,P40,x4_1,X4: 1,x4,1.0
昌江,P41,x4_1,X4: 1,x4,1.0
白沙,P1,x4_2,X4: 2,x4,0.0
北海,P2,x4_2,X4: 2,x4,0.0
北京,P3,x4_2,X4: 2,x4,0.0
澄迈,P4,x4_2,X4: 2,x4,0.0
儋州,P5,x4_2,X4: 2,x4,0.0
定安,P6,x4_2,X4: 2,x4,0.0
东方,P7,x4_2,X4: 2,x4,0.0
东莞,P8,x4_2,X4: 2,x4,0.0
东营,P9,x4_2,X4: 2,x4,0.0
佛山,P10,x4_2,X4: 2,x4,0.0
广州,P11,x4_2,X4: 2,x4,1.0
海口,P12,x4_2,X4: 2,x4,0.0
合肥,P13,x4_2,X4: 2,x4,1.0
惠州,P14,x4_2,X4: 2,x4,0.0
九江,P15,x4_2,X4: 2,x4,0.0
兰州,P16,x4_2,X4: 2,x4,0.0
乐东,P17,x4_2,X4: 2,x4,0.0
乐山,P18,x4_2,X4: 2,x4,0.0
丽水,P19,x4_2,X4: 2,x4,0.0
临高,P20,x4_2,X4: 2,x4,0.0
陵水,P21,x4_2,X4: 2,x4,0.0
六安,P22,x4_2,X4: 2,x4,0.0
清远,P23,x4_2,X4: 2,x4,0.0
琼海,P24,x4_2,X4: 2,x4,0.0
琼中,P25,x4_2,X4: 2,x4,0.0
汕头,P26,x4_2,X4: 2,x4,0.0
上海,P27,x4_2,X4: 2,x4,1.0
上饶,P28,x4_2,X4: 2,x4,1.0
韶关,P29,x4_2,X4: 2,x4,1.0
深圳,P30,x4_2,X4: 2,x4,0.0
万宁,P31,x4_2,X4: 2,x4,0.0
文昌,P32,x4_2,X4: 2,x4,0.0
五指山,P33,x4_2,X4: 2,x4,0.0
信阳,P34,x4_2,X4: 2,x4,1.0
义乌,P35,x4_2,X4: 2,x4,0.0
肇庆,P36,x4_2,X4: 2,x4,0.0
中山,P37,x4_2,X4: 2,x4,0.0
中卫,P38,x4_2,X4: 2,x4,0.0
珠海,P39,x4_2,X4: 2,x4,0.0
屯昌,P40,x4_2,X4: 2,x4,0.0
昌江,P41,x4_2,X4: 2,x4,0.0
白沙,P1,x5_1,X5: 1,x5,1.0
北海,P2,x5_1,X5: 1,x5,1.0
北京,P3,x5_1,X5: 1,x5,2.0
澄迈,P4,x5_1,X5: 1,x5,0.0
儋州,P5,x5_1,X5: 1,x5,0.0
定安,P6,x5_1,X5: 1,x5,0.0
东方,P7,x5_1,X5: 1,x5,0.0
东莞,P8,x5_1,X5: 1,x5,0.0
东营,P9,x5_1,X5: 1,x5,1.0
佛山,P10,x5_1,X5: 1,x5,1.0
广州,P11,x5_1,X5: 1,x5,0.0
海口,P12,x5_1,X5: 1,x5,1.0
合肥,P13,x5_1,X5: 1,x5,1.0
惠州,P14,x5_1,X5: 1,x5,1.0
九江,P15,x5_1,X5: 1,x5,2.0
兰州,P16,x5_1,X5: 1,x5,2.0
乐东,P17,x5_1,X5: 1,x5,0.0
乐山,P18,x5_1,X5: 1,x5,1.0
丽水,P19,x5_1,X5: 1,x5,0.0
临高,P20,x5_1,X5: 1,x5,0.0
陵水,P21,x5_1,X5: 1,x5,0.0
六安,P22,x5_1,X5: 1,x5,1.0
清远,P23,x5_1,X5: 1,x5,0.0
琼海,P24,x5_1,X5: 1,x5,0.0
琼中,P25,x5_1,X5: 1,x5,1.0
汕头,P26,x5_1,X5: 1,x5,1.0
上海,P27,x5_1,X5: 1,x5,1.0
上饶,P28,x5_1,X5: 1,x5,0.0
韶关,P29,x5_1,X5: 1,x5,0.0
深圳,P30,x5_1,X5: 1,x5,0.0
万宁,P31,x5_1,X5: 1,x5,0.0
文昌,P32,x5_1,X5: 1,x5,1.0
五指山,P33,x5_1,X5: 1,x5,0.0
信阳,P34,x5_1,X5: 1,x5,1.0
义乌,P35,x5_1,X5: 1,x5,0.0
肇庆,P36,x5_1,X5: 1,x5,0.0
中山,P37,x5_1,X5: 1,x5,0.0
中卫,P38,x5_1,X5: 1,x5,1.0
珠海,P39,x5_1,X5: 1,x5,0.0
屯昌,P40,x5_1,X5: 1,x5,0.0
昌江,P41,x5_1,X5: 1,x5,0.0
白沙,P1,x5_2,X5: 2,x5,1.0
北海,P2,x5_2,X5: 2,x5,1.0
北京,P3,x5_2,X5: 2,x5,2.0
澄迈,P4,x5_2,X5: 2,x5,1.0
儋州,P5,x5_2,X5: 2,x5,1.0
定安,P6,x5_2,X5: 2,x5,0.0
东方,P7,x5_2,X5: 2,x5,2.0
东莞,P8,x5_2,X5: 2,x5,2.0
东营,P9,x5_2,X5: 2,x5,2.0
佛山,P10,x5_2,X5: 2,x5,2.0
广州,P11,x5_2,X5: 2,x5,1.0
海口,P12,x5_2,X5: 2,x5,1.0
合肥,P13,x5_2,X5: 2,x5,1.0
惠州,P14,x5_2,X5: 2,x5,1.0
九江,P15,x5_2,X5: 2,x5,1.0
兰州,P16,x5_2,X5: 2,x5,2.0
乐东,P17,x5_2,X5: 2,x5,1.0
乐山,P18,x5_2,X5: 2,x5,1.0
丽水,P19,x5_2,X5: 2,x5,0.0
临高,P20,x5_2,X5: 2,x5,0.0
陵水,P21,x5_2,X5: 2,x5,0.0
六安,P22,x5_2,X5: 2,x5,1.0
清远,P23,x5_2,X5: 2,x5,1.0
琼海,P24,x5_2,X5: 2,x5,0.0
琼中,P25,x5_2,X5: 2,x5,1.0
汕头,P26,x5_2,X5: 2,x5,1.0
上海,P27,x5_2,X5: 2,x5,1.0
上饶,P28,x5_2,X5: 2,x5,0.0
韶关,P29,x5_2,X5: 2,x5,0.0
深圳,P30,x5_2,X5: 2,x5,0.0
万宁,P31,x5_2,X5: 2,x5,0.0
文昌,P32,x5_2,X5: 2,x5,1.0
五指山,P33,x5_2,X5: 2,x5,0.0
信阳,P34,x5_2,X5: 2,x5,1.0
义乌,P35,x5_2,X5: 2,x5,0.0
肇庆,P36,x5_2,X5: 2,x5,0.0
中山,P37,x5_2,X5: 2,x5,1.0
中卫,P38,x5_2,X5: 2,x5,1.0
珠海,P39,x5_2,X5: 2,x5,1.0
屯昌,P40,x5_2,X5: 2,x5,0.0
昌江,P41,x5_2,X5: 2,x5,0.0
白沙,P1,x5_3,X5: 3,x5,1.0
北海,P2,x5_3,X5: 3,x5,1.0
北京,P3,x5_3,X5: 3,x5,1.0
澄迈,P4,x5_3,X5: 3,x5,0.0
儋州,P5,x5_3,X5: 3,x5,0.0
定安,P6,x5_3,X5: 3,x5,0.0
东方,P7,x5_3,X5: 3,x5,2.0
东莞,P8,x5_3,X5: 3,x5,1.0
东营,P9,x5_3,X5: 3,x5,2.0
佛山,P10,x5_3,X5: 3,x5,2.0
广州,P11,x5_3,X5: 3,x5,1.0
海口,P12,x5_3,X5: 3,x5,1.0
合肥,P13,x5_3,X5: 3,x5,1.0
惠州,P14,x5_3,X5: 3,x5,1.0
九江,P15,x5_3,X5: 3,x5,1.0
兰州,P16,x5_3,X5: 3,x5,2.0
乐东,P17,x5_3,X5: 3,x5,1.0
乐山,P18,x5_3,X5: 3,x5,1.0
丽水,P19,x5_3,X5: 3,x5,1.0
临高,P20,x5_3,X5: 3,x5,0.0
陵水,P21,x5_3,X5: 3,x5,0.0
六安,P22,x5_3,X5: 3,x5,1.0
清远,P23,x5_3,X5: 3,x5,1.0
琼海,P24,x5_3,X5: 3,x5,1.0
琼中,P25,x5_3,X5: 3,x5,1.0
汕头,P26,x5_3,X5: 3,x5,1.0
上海,P27,x5_3,X5: 3,x5,1.0
上饶,P28,x5_3,X5: 3,x5,0.0
韶关,P29,x5_3,X5: 3,x5,1.0
深圳,P30,x5_3,X5: 3,x5,0.0
万宁,P31,x5_3,X5: 3,x5,1.0
文昌,P32,x5_3,X5: 3,x5,1.0
五指山,P33,x5_3,X5: 3,x5,0.0
信阳,P34,x5_3,X5: 3,x5,1.0
义乌,P35,x5_3,X5: 3,x5,1.0
肇庆,P36,x5_3,X5: 3,x5,1.0
中山,P37,x5_3,X5: 3,x5,2.0
中卫,P38,x5_3,X5: 3,x5,1.0
珠海,P39,x5_3,X5: 3,x5,0.0
屯昌,P40,x5_3,X5: 3,x5,0.0
昌江,P41,x5_3,X5: 3,x5,0.0
白沙,P1,x5_4,X5: 4,x5,0.0
北海,P2,x5_4,X5: 4,x5,1.0
北京,P3,x5_4,X5: 4,x5,2.0
澄迈,P4,x5_4,X5: 4,x5,1.0
儋州,P5,x5_4,X5: 4,x5,1.0
定安,P6,x5_4,X5: 4,x5,0.0
东方,P7,x5_4,X5: 4,x5,2.0
东莞,P8,x5_4,X5: 4,x5,1.0
东营,P9,x5_4,X5: 4,x5,2.0
佛山,P10,x5_4,X5: 4,x5,2.0
广州,P11,x5_4,X5: 4,x5,1.0
海口,P12,x5_4,X5: 4,x5,1.0
合肥,P13,x5_4,X5: 4,x5,1.0
惠州,P14,x5_4,X5: 4,x5,3.0
九江,P15,x5_4,X5: 4,x5,3.0
兰州,P16,x5_4,X5: 4,x5,2.0
乐东,P17,x5_4,X5: 4,x5,1.0
乐山,P18,x5_4,X5: 4,x5,1.0
丽水,P19,x5_4,X5: 4,x5,2.0
临高,P20,x5_4,X5: 4,x5,0.0
陵水,P21,x5_4,X5: 4,x5,0.0
六安,P22,x5_4,X5: 4,x5,1.0
清远,P23,x5_4,X5: 4,x5,2.0
琼海,P24,x5_4,X5: 4,x5,1.0
琼中,P25,x5_4,X5: 4,x5,0.0
汕头,P26,x5_4,X5: 4,x5,1.0
上海,P27,x5_4,X5: 4,x5,1.0
上饶,P28,x5_4,X5: 4,x5,1.0
韶关,P29,x5_4,X5: 4,x5,3.0
深圳,P30,x5_4,X5: 4,x5,0.0
万宁,P31,x5_4,X5: 4,x5,3.0
文昌,P32,x5_4,X5: 4,x5,1.0
五指山,P33,x5_4,X5: 4,x5,0.0
信阳,P34,x5_4,X5: 4,x5,1.0
义乌,P35,x5_4,X5: 4,x5,2.0
肇庆,P36,x5_4,X5: 4,x5,1.0
中山,P37,x5_4,X5: 4,x5,1.0
中卫,P38,x5_4,X5: 4,x5,1.0
珠海,P39,x5_4,X5: 4,x5,1.0
屯昌,P40,x5_4,X5: 4,x5,0.0
昌江,P41,x5_4,X5: 4,x5,1.0
白沙,P1,x5_5,X5: 5,x5,1.0
北海,P2,x5_5,X5: 5,x5,1.0
北京,P3,x5_5,X5: 5,x5,1.0
澄迈,P4,x5_5,X5: 5,x5,2.0
儋州,P5,x5_5,X5: 5,x5,2.0
定安,P6,x5_5,X5: 5,x5,0.0
东方,P7,x5_5,X5: 5,x5,2.0
东莞,P8,x5_5,X5: 5,x5,1.0
东营,P9,x5_5,X5: 5,x5,2.0
佛山,P10,x5_5,X5: 5,x5,1.0
广州,P11,x5_5,X5: 5,x5,0.0
海口,P12,x5_5,X5: 5,x5,1.0
合肥,P13,x5_5,X5: 5,x5,0.0
惠州,P14,x5_5,X5: 5,x5,3.0
九江,P15,x5_5,X5: 5,x5,1.0
兰州,P16,x5_5,X5: 5,x5,2.0
乐东,P17,x5_5,X5: 5,x5,1.0
乐山,P18,x5_5,X5: 5,x5,1.0
丽水,P19,x5_5,X5: 5,x5,2.0
临高,P20,x5_5,X5: 5,x5,0.0
陵水,P21,x5_5,X5: 5,x5,0.0
六安,P22,x5_5,X5: 5,x5,0.0
清远,P23,x5_5,X5: 5,x5,0.0
琼海,P24,x5_5,X5: 5,x5,1.0
琼中,P25,x5_5,X5: 5,x5,1.0
汕头,P26,x5_5,X5: 5,x5,1.0
上海,P27,x5_5,X5: 5,x5,0.0
上饶,P28,x5_5,X5: 5,x5,2.0
韶关,P29,x5_5,X5: 5,x5,0.0
深圳,P30,x5_5,X5: 5,x5,1.0
万宁,P31,x5_5,X5: 5,x5,1.0
文昌,P32,x5_5,X5: 5,x5,1.0
五指山,P33,x5_5,X5: 5,x5,0.0
信阳,P34,x5_5,X5: 5,x5,1.0
义乌,P35,x5_5,X5: 5,x5,2.0
肇庆,P36,x5_5,X5: 5,x5,0.0
中山,P37,x5_5,X5: 5,x5,2.0
中卫,P38,x5_5,X5: 5,x5,1.0
珠海,P39,x5_5,X5: 5,x5,1.0
屯昌,P40,x5_5,X5: 5,x5,0.0
昌江,P41,x5_5,X5: 5,x5,0.0
白沙,P1,x6_1,X6: 1,x6,1.0
北海,P2,x6_1,X6: 1,x6,1.0
北京,P3,x6_1,X6: 1,x6,1.0
澄迈,P4,x6_1,X6: 1,x6,2.0
儋州,P5,x6_1,X6: 1,x6,2.0
定安,P6,x6_1,X6: 1,x6,2.0
东方,P7,x6_1,X6: 1,x6,2.0
东莞,P8,x6_1,X6: 1,x6,4.0
东营,P9,x6_1,X6: 1,x6,1.0
佛山,P10,x6_1,X6: 1,x6,1.0
广州,P11,x6_1,X6: 1,x6,1.0
海口,P12,x6_1,X6: 1,x6,2.0
合肥,P13,x6_1,X6: 1,x6,1.0
惠州,P14,x6_1,X6: 1,x6,2.0
九江,P15,x6_1,X6: 1,x6,4.0
兰州,P16,x6_1,X6: 1,x6,1.0
乐东,P17,x6_1,X6: 1,x6,1.0
乐山,P18,x6_1,X6: 1,x6,2.0
丽水,P19,x6_1,X6: 1,x6,1.0
临高,P20,x6_1,X6: 1,x6,3.0
陵水,P21,x6_1,X6: 1,x6,2.0
六安,P22,x6_1,X6: 1,x6,2.0
清远,P23,x6_1,X6: 1,x6,2.0
琼海,P24,x6_1,X6: 1,x6,1.0
琼中,P25,x6_1,X6: 1,x6,2.0
汕头,P26,x6_1,X6: 1,x6,2.0
上海,P27,x6_1,X6: 1,x6,2.0
上饶,P28,x6_1,X6: 1,x6,0.0
韶关,P29,x6_1,X6: 1,x6,1.0
深圳,P30,x6_1,X6: 1,x6,1.0
万宁,P31,x6_1,X6: 1,x6,2.0
文昌,P32,x6_1,X6: 1,x6,3.0
五指山,P33,x6_1,X6: 1,x6,2.0
信阳,P34,x6_1,X6: 1,x6,2.0
义乌,P35,x6_1,X6: 1,x6,1.0
肇庆,P36,x6_1,X6: 1,x6,2.0
中山,P37,x6_1,X6: 1,x6,2.0
中卫,P38,x6_1,X6: 1,x6,1.0
珠海,P39,x6_1,X6: 1,x6,2.0
屯昌,P40,x6_1,X6: 1,x6,2.0
昌江,P41,x6_1,X6: 1,x6,3.0
白沙,P1,x6_2,X6: 2,x6,1.0
北海,P2,x6_2,X6: 2,x6,0.0
北京,P3,x6_2,X6: 2,x6,1.0
澄迈,P4,x6_2,X6: 2,x6,1.0
儋州,P5,x6_2,X6: 2,x6,2.0
定安,P6,x6_2,X6: 2,x6,0.0
东方,P7,x6_2,X6: 2,x6,2.0
东莞,P8,x6_2,X6: 2,x6,3.0
东营,P9,x6_2,X6: 2,x6,0.0
佛山,P10,x6_2,X6: 2,x6,1.0
广州,P11,x6_2,X6: 2,x6,2.0
海口,P12,x6_2,X6: 2,x6,1.0
合肥,P13,x6_2,X6: 2,x6,1.0
惠州,P14,x6_2,X6: 2,x6,2.0
九江,P15,x6_2,X6: 2,x6,1.0
兰州,P16,x6_2,X6: 2,x6,2.0
乐东,P17,x6_2,X6: 2,x6,0.0
乐山,P18,x6_2,X6: 2,x6,0.0
丽水,P19,x6_2,X6: 2,x6,1.0
临高,P20,x6_2,X6: 2,x6,1.0
陵水,P21,x6_2,X6: 2,x6,0.0
六安,P22,x6_2,X6: 2,x6,0.0
清远,P23,x6_2,X6: 2,x6,1.0
琼海,P24,x6_2,X6: 2,x6,1.0
琼中,P25,x6_2,X6: 2,x6,0.0
汕头,P26,x6_2,X6: 2,x6,1.0
上海,P27,x6_2,X6: 2,x6,1.0
上饶,P28,x6_2,X6: 2,x6,0.0
韶关,P29,x6_2,X6: 2,x6,1.0
深圳,P30,x6_2,X6: 2,x6,0.0
万宁,P31,x6_2,X6: 2,x6,1.0
文昌,P32,x6_2,X6: 2,x6,0.0
五指山,P33,x6_2,X6: 2,x6,0.0
信阳,P34,x6_2,X6: 2,x6,2.0
义乌,P35,x6_2,X6: 2,x6,1.0
肇庆,P36,x6_2,X6: 2,x6,1.0
中山,P37,x6_2,X6: 2,x6,2.0
中卫,P38,x6_2,X6: 2,x6,1.0
珠海,P39,x6_2,X6: 2,x6,2.0
屯昌,P40,x6_2,X6: 2,x6,0.0
昌江,P41,x6_2,X6: 2,x6,0.0
白沙,P1,x6_3,X6: 3,x6,0.0
北海,P2,x6_3,X6: 3,x6,0.0
北京,P3,x6_3,X6: 3,x6,1.0
澄迈,P4,x6_3,X6: 3,x6,1.0
儋州,P5,x6_3,X6: 3,x6,0.0
定安,P6,x6_3,X6: 3,x6,0.0
东方,P7,x6_3,X6: 3,x6,0.0
东莞,P8,x6_3,X6: 3,x6,0.0
东营,P9,x6_3,X6: 3,x6,0.0
佛山,P10,x6_3,X6: 3,x6,0.0
广州,P11,x6_3,X6: 3,x6,0.0
海口,P12,x6_3,X6: 3,x6,0.0
合肥,P13,x6_3,X6: 3,x6,0.0
惠州,P14,x6_3,X6: 3,x6,0.0
九江,P15,x6_3,X6: 3,x6,0.0
兰州,P16,x6_3,X6: 3,x6,0.0
乐东,P17,x6_3,X6: 3,x6,0.0
乐山,P18,x6_3,X6: 3,x6,0.0
丽水,P19,x6_3,X6: 3,x6,0.0
临高,P20,x6_3,X6: 3,x6,0.0
陵水,P21,x6_3,X6: 3,x6,0.0
六安,P22,x6_3,X6: 3,x6,0.0
清远,P23,x6_3,X6: 3,x6,0.0
琼海,P24,x6_3,X6: 3,x6,0.0
琼中,P25,x6_3,X6: 3,x6,0.0
汕头,P26,x6_3,X6: 3,x6,1.0
上海,P27,x6_3,X6: 3,x6,1.0
上饶,P28,x6_3,X6: 3,x6,0.0
韶关,P29,x6_3,X6: 3,x6,0.0
深圳,P30,x6_3,X6: 3,x6,0.0
万宁,P31,x6_3,X6: 3,x6,0.0
文昌,P32,x6_3,X6: 3,x6,0.0
五指山,P33,x6_3,X6: 3,x6,0.0
信阳,P34,x6_3,X6: 3,x6,0.0
义乌,P35,x6_3,X6: 3,x6,0.0
肇庆,P36,x6_3,X6: 3,x6,0.0
中山,P37,x6_3,X6: 3,x6,0.0
中卫,P38,x6_3,X6: 3,x6,0.0
珠海,P39,x6_3,X6: 3,x6,1.0
屯昌,P40,x6_3,X6: 3,x6,0.0
昌江,P41,x6_3,X6: 3,x6,1.0
白沙,P1,x7_1,X7: 1,x7,0.0
北海,P2,x7_1,X7: 1,x7,1.0
北京,P3,x7_1,X7: 1,x7,1.0
澄迈,P4,x7_1,X7: 1,x7,1.0
儋州,P5,x7_1,X7: 1,x7,1.0
定安,P6,x7_1,X7: 1,x7,1.0
东方,P7,x7_1,X7: 1,x7,0.0
东莞,P8,x7_1,X7: 1,x7,3.0
东营,P9,x7_1,X7: 1,x7,1.0
佛山,P10,x7_1,X7: 1,x7,0.0
广州,P11,x7_1,X7: 1,x7,1.0
海口,P12,x7_1,X7: 1,x7,1.0
合肥,P13,x7_1,X7: 1,x7,0.0
惠州,P14,x7_1,X7: 1,x7,0.0
九江,P15,x7_1,X7: 1,x7,3.0
兰州,P16,x7_1,X7: 1,x7,1.0
乐东,P17,x7_1,X7: 1,x7,0.0
乐山,P18,x7_1,X7: 1,x7,1.0
丽水,P19,x7_1,X7: 1,x7,0.0
临高,P20,x7_1,X7: 1,x7,1.0
陵水,P21,x7_1,X7: 1,x7,1.0
六安,P22,x7_1,X7: 1,x7,1.0
清远,P23,x7_1,X7: 1,x7,1.0
琼海,P24,x7_1,X7: 1,x7,0.0
琼中,P25,x7_1,X7: 1,x7,2.0
汕头,P26,x7_1,X7: 1,x7,3.0
上海,P27,x7_1,X7: 1,x7,0.0
上饶,P28,x7_1,X7: 1,x7,1.0
韶关,P29,x7_1,X7: 1,x7,1.0
深圳,P30,x7_1,X7: 1,x7,1.0
万宁,P31,x7_1,X7: 1,x7,2.0
文昌,P32,x7_1,X7: 1,x7,1.0
五指山,P33,x7_1,X7: 1,x7,1.0
信阳,P34,x7_1,X7: 1,x7,2.0
义乌,P35,x7_1,X7: 1,x7,0.0
肇庆,P36,x7_1,X7: 1,x7,1.0
中山,P37,x7_1,X7: 1,x7,4.0
中卫,P38,x7_1,X7: 1,x7,3.0
珠海,P39,x7_1,X7: 1,x7,2.0
屯昌,P40,x7_1,X7: 1,x7,1.0
昌江,P41,x7_1,X7: 1,x7,1.0
白沙,P1,x7_2,X7: 2,x7,0.0
北海,P2,x7_2,X7: 2,x7,1.0
北京,P3,x7_2,X7: 2,x7,2.0
澄迈,P4,x7_2,X7: 2,x7,0.0
儋州,P5,x7_2,X7: 2,x7,0.0
定安,P6,x7_2,X7: 2,x7,0.0
东方,P7,x7_2,X7: 2,x7,0.0
东莞,P8,x7_2,X7: 2,x7,1.0
东营,P9,x7_2,X7: 2,x7,1.0
佛山,P10,x7_2,X7: 2,x7,1.0
广州,P11,x7_2,X7: 2,x7,1.0
海口,P12,x7_2,X7: 2,x7,1.0
合肥,P13,x7_2,X7: 2,x7,1.0
惠州,P14,x7_2,X7: 2,x7,2.0
九江,P15,x7_2,X7: 2,x7,2.0
兰州,P16,x7_2,X7: 2,x7,1.0
乐东,P17,x7_2,X7: 2,x7,0.0
乐山,P18,x7_2,X7: 2,x7,2.0
丽水,P19,x7_2,X7: 2,x7,0.0
临高,P20,x7_2,X7: 2,x7,0.0
陵水,P21,x7_2,X7: 2,x7,0.0
六安,P22,x7_2,X7: 2,x7,1.0
清远,P23,x7_2,X7: 2,x7,1.0
琼海,P24,x7_2,X7: 2,x7,0.0
琼中,P25,x7_2,X7: 2,x7,2.0
汕头,P26,x7_2,X7: 2,x7,0.0
上海,P27,x7_2,X7: 2,x7,0.0
上饶,P28,x7_2,X7: 2,x7,2.0
韶关,P29,x7_2,X7: 2,x7,0.0
深圳,P30,x7_2,X7: 2,x7,0.0
万宁,P31,x7_2,X7: 2,x7,4.0
文昌,P32,x7_2,X7: 2,x7,0.0
五指山,P33,x7_2,X7: 2,x7,0.0
信阳,P34,x7_2,X7: 2,x7,0.0
义乌,P35,x7_2,X7: 2,x7,0.0
肇庆,P36,x7_2,X7: 2,x7,1.0
中山,P37,x7_2,X7: 2,x7,1.0
中卫,P38,x7_2,X7: 2,x7,2.0
珠海,P39,x7_2,X7: 2,x7,1.0
屯昌,P40,x7_2,X7: 2,x7,0.0
昌江,P41,x7_2,X7: 2,x7,0.0
白沙,P1,x7_3,X7: 3,x7,0.0
北海,P2,x7_3,X7: 3,x7,1.0
北京,P3,x7_3,X7: 3,x7,0.0
澄迈,P4,x7_3,X7: 3,x7,0.0
儋州,P5,x7_3,X7: 3,x7,0.0
定安,P6,x7_3,X7: 3,x7,1.0
东方,P7,x7_3,X7: 3,x7,0.0
东莞,P8,x7_3,X7: 3,x7,1.0
东营,P9,x7_3,X7: 3,x7,0.0
佛山,P10,x7_3,X7: 3,x7,0.0
广州,P11,x7_3,X7: 3,x7,0.0
海口,P12,x7_3,X7: 3,x7,0.0
合肥,P13,x7_3,X7: 3,x7,0.0
惠州,P14,x7_3,X7: 3,x7,0.0
九江,P15,x7_3,X7: 3,x7,0.0
兰州,P16,x7_3,X7: 3,x7,0.0
乐东,P17,x7_3,X7: 3,x7,0.0
乐山,P18,x7_3,X7: 3,x7,0.0
丽水,P19,x7_3,X7: 3,x7,0.0
临高,P20,x7_3,X7: 3,x7,1.0
陵水,P21,x7_3,X7: 3,x7,1.0
六安,P22,x7_3,X7: 3,x7,0.0
清远,P23,x7_3,X7: 3,x7,1.0
琼海,P24,x7_3,X7: 3,x7,0.0
琼中,P25,x7_3,X7: 3,x7,1.0
汕头,P26,x7_3,X7: 3,x7,0.0
上海,P27,x7_3,X7: 3,x7,0.0
上饶,P28,x7_3,X7: 3,x7,0.0
韶关,P29,x7_3,X7: 3,x7,0.0
深圳,P30,x7_3,X7: 3,x7,0.0
万宁,P31,x7_3,X7: 3,x7,1.0
文昌,P32,x7_3,X7: 3,x7,1.0
五指山,P33,x7_3,X7: 3,x7,1.0
信阳,P34,x7_3,X7: 3,x7,0.0
义乌,P35,x7_3,X7: 3,x7,0.0
肇庆,P36,x7_3,X7: 3,x7,0.0
中山,P37,x7_3,X7: 3,x7,1.0
中卫,P38,x7_3,X7: 3,x7,1.0
珠海,P39,x7_3,X7: 3,x7,0.0
屯昌,P40,x7_3,X7: 3,x7,1.0
昌江,P41,x7_3,X7: 3,x7,1.0
白沙,P1,x7_4,X7: 4,x7,0.0
北海,P2,x7_4,X7: 4,x7,0.0
北京,P3,x7_4,X7: 4,x7,1.0
澄迈,P4,x7_4,X7: 4,x7,0.0
儋州,P5,x7_4,X7: 4,x7,0.0
定安,P6,x7_4,X7: 4,x7,1.0
东方,P7,x7_4,X7: 4,x7,0.0
东莞,P8,x7_4,X7: 4,x7,1.0
东营,P9,x7_4,X7: 4,x7,1.0
佛山,P10,x7_4,X7: 4,x7,0.0
广州,P11,x7_4,X7: 4,x7,0.0
海口,P12,x7_4,X7: 4,x7,0.0
合肥,P13,x7_4,X7: 4,x7,0.0
惠州,P14,x7_4,X7: 4,x7,0.0
九江,P15,x7_4,X7: 4,x7,0.0
兰州,P16,x7_4,X7: 4,x7,0.0
乐东,P17,x7_4,X7: 4,x7,0.0
乐山,P18,x7_4,X7: 4,x7,0.0
丽水,P19,x7_4,X7: 4,x7,0.0
临高,P20,x7_4,X7: 4,x7,0.0
陵水,P21,x7_4,X7: 4,x7,1.0
六安,P22,x7_4,X7: 4,x7,0.0
清远,P23,x7_4,X7: 4,x7,0.0
琼海,P24,x7_4,X7: 4,x7,0.0
琼中,P25,x7_4,X7: 4,x7,0.0
汕头,P26,x7_4,X7: 4,x7,0.0
上海,P27,x7_4,X7: 4,x7,0.0
上饶,P28,x7_4,X7: 4,x7,1.0
韶关,P29,x7_4,X7: 4,x7,0.0
深圳,P30,x7_4,X7: 4,x7,0.0
万宁,P31,x7_4,X7: 4,x7,0.0
文昌,P32,x7_4,X7: 4,x7,1.0
五指山,P33,x7_4,X7: 4,x7,0.0
信阳,P34,x7_4,X7: 4,x7,0.0
义乌,P35,x7_4,X7: 4,x7,1.0
肇庆,P36,x7_4,X7: 4,x7,0.0
中山,P37,x7_4,X7: 4,x7,0.0
中卫,P38,x7_4,X7: 4,x7,1.0
珠海,P39,x7_4,X7: 4,x7,0.0
屯昌,P40,x7_4,X7: 4,x7,0.0
昌江,P41,x7_4,X7: 4,x7,0.0
白沙,P1,x7_5,X7: 5,x7,0.0
北海,P2,x7_5,X7: 5,x7,1.0
北京,P3,x7_5,X7: 5,x7,0.0
澄迈,P4,x7_5,X7: 5,x7,0.0
儋州,P5,x7_5,X7: 5,x7,0.0
定安,P6,x7_5,X7: 5,x7,1.0
东方,P7,x7_5,X7: 5,x7,0.0
东莞,P8,x7_5,X7: 5,x7,1.0
东营,P9,x7_5,X7: 5,x7,0.0
佛山,P10,x7_5,X7: 5,x7,0.0
广州,P11,x7_5,X7: 5,x7,0.0
海口,P12,x7_5,X7: 5,x7,0.0
合肥,P13,x7_5,X7: 5,x7,0.0
惠州,P14,x7_5,X7: 5,x7,0.0
九江,P15,x7_5,X7: 5,x7,0.0
兰州,P16,x7_5,X7: 5,x7,0.0
乐东,P17,x7_5,X7: 5,x7,0.0
乐山,P18,x7_5,X7: 5,x7,0.0
丽水,P19,x7_5,X7: 5,x7,0.0
临高,P20,x7_5,X7: 5,x7,1.0
陵水,P21,x7_5,X7: 5,x7,1.0
六安,P22,x7_5,X7: 5,x7,0.0
清远,P23,x7_5,X7: 5,x7,1.0
琼海,P24,x7_5,X7: 5,x7,0.0
琼中,P25,x7_5,X7: 5,x7,1.0
汕头,P26,x7_5,X7: 5,x7,0.0
上海,P27,x7_5,X7: 5,x7,0.0
上饶,P28,x7_5,X7: 5,x7,0.0
韶关,P29,x7_5,X7: 5,x7,0.0
深圳,P30,x7_5,X7: 5,x7,0.0
万宁,P31,x7_5,X7: 5,x7,1.0
文昌,P32,x7_5,X7: 5,x7,1.0
五指山,P33,x7_5,X7: 5,x7,1.0
信阳,P34,x7_5,X7: 5,x7,0.0
义乌,P35,x7_5,X7: 5,x7,0.0
肇庆,P36,x7_5,X7: 5,x7,0.0
中山,P37,x7_5,X7: 5,x7,1.0
中卫,P38,x7_5,X7: 5,x7,1.0
珠海,P39,x7_5,X7: 5,x7,0.0
屯昌,P40,x7_5,X7: 5,x7,1.0
昌江,P41,x7_5,X7: 5,x7,1.0
白沙,P1,x8_1,X8: 1,x8,0.0
北海,P2,x8_1,X8: 1,x8,0.0
北京,P3,x8_1,X8: 1,x8,1.0
澄迈,P4,x8_1,X8: 1,x8,0.0
儋州,P5,x8_1,X8: 1,x8,0.0
定安,P6,x8_1,X8: 1,x8,0.0
东方,P7,x8_1,X8: 1,x8,0.0
东莞,P8,x8_1,X8: 1,x8,1.0
东营,P9,x8_1,X8: 1,x8,1.0
佛山,P10,x8_1,X8: 1,x8,0.0
广州,P11,x8_1,X8: 1,x8,0.0
海口,P12,x8_1,X8: 1,x8,0.0
合肥,P13,x8_1,X8: 1,x8,0.0
惠州,P14,x8_1,X8: 1,x8,0.0
九江,P15,x8_1,X8: 1,x8,0.0
兰州,P16,x8_1,X8: 1,x8,0.0
乐东,P17,x8_1,X8: 1,x8,0.0
乐山,P18,x8_1,X8: 1,x8,0.0
丽水,P19,x8_1,X8: 1,x8,0.0
临高,P20,x8_1,X8: 1,x8,0.0
陵水,P21,x8_1,X8: 1,x8,0.0
六安,P22,x8_1,X8: 1,x8,0.0
清远,P23,x8_1,X8: 1,x8,0.0
琼海,P24,x8_1,X8: 1,x8,0.0
琼中,P25,x8_1,X8: 1,x8,0.0
汕头,P26,x8_1,X8: 1,x8,0.0
上海,P27,x8_1,X8: 1,x8,0.0
上饶,P28,x8_1,X8: 1,x8,0.0
韶关,P29,x8_1,X8: 1,x8,0.0
深圳,P30,x8_1,X8: 1,x8,0.0
万宁,P31,x8_1,X8: 1,x8,0.0
文昌,P32,x8_1,X8: 1,x8,0.0
五指山,P33,x8_1,X8: 1,x8,0.0
信阳,P34,x8_1,X8: 1,x8,0.0
义乌,P35,x8_1,X8: 1,x8,1.0
肇庆,P36,x8_1,X8: 1,x8,0.0
中山,P37,x8_1,X8: 1,x8,0.0
中卫,P38,x8_1,X8: 1,x8,0.0
珠海,P39,x8_1,X8: 1,x8,0.0
屯昌,P40,x8_1,X8: 1,x8,0.0
昌江,P41,x8_1,X8: 1,x8,0.0
白沙,P1,x8_2,X8: 2,x8,0.0
北海,P2,x8_2,X8: 2,x8,0.0
北京,P3,x8_2,X8: 2,x8,0.0
澄迈,P4,x8_2,X8: 2,x8,0.0
儋州,P5,x8_2,X8: 2,x8,0.0
定安,P6,x8_2,X8: 2,x8,1.0
东方,P7,x8_2,X8: 2,x8,0.0
东莞,P8,x8_2,X8: 2,x8,0.0
东营,P9,x8_2,X8: 2,x8,0.0
佛山,P10,x8_2,X8: 2,x8,0.0
广州,P11,x8_2,X8: 2,x8,0.0
海口,P12,x8_2,X8: 2,x8,0.0
合肥,P13,x8_2,X8: 2,x8,0.0
惠州,P14,x8_2,X8: 2,x8,0.0
九江,P15,x8_2,X8: 2,x8,0.0
兰州,P16,x8_2,X8: 2,x8,0.0
乐东,P17,x8_2,X8: 2,x8,0.0
乐山,P18,x8_2,X8: 2,x8,0.0
丽水,P19,x8_2,X8: 2,x8,0.0
临高,P20,x8_2,X8: 2,x8,0.0
陵水,P21,x8_2,X8: 2,x8,1.0
六安,P22,x8_2,X8: 2,x8,0.0
清远,P23,x8_2,X8: 2,x8,0.0
琼海,P24,x8_2,X8: 2,x8,0.0
琼中,P25,x8_2,X8: 2,x8,0.0
汕头,P26,x8_2,X8: 2,x8,0.0
上海,P27,x8_2,X8: 2,x8,0.0
上饶,P28,x8_2,X8: 2,x8,1.0
韶关,P29,x8_2,X8: 2,x8,0.0
深圳,P30,x8_2,X8: 2,x8,0.0
万宁,P31,x8_2,X8: 2,x8,0.0
文昌,P32,x8_2,X8: 2,x8,1.0
五指山,P33,x8_2,X8: 2,x8,0.0
信阳,P34,x8_2,X8: 2,x8,0.0
义乌,P35,x8_2,X8: 2,x8,0.0
肇庆,P36,x8_2,X8: 2,x8,0.0
中山,P37,x8_2,X8: 2,x8,0.0
中卫,P38,x8_2,X8: 2,x8,1.0
珠海,P39,x8_2,X8: 2,x8,0.0
屯昌,P40,x8_2,X8: 2,x8,0.0
昌江,P41,x8_2,X8: 2,x8,1.0
白沙,P1,x9_1,X9: 1,x9,1.0
北海,P2,x9_1,X9: 1,x9,0.0
北京,P3,x9_1,X9: 1,x9,2.0
澄迈,P4,x9_1,X9: 1,x9,1.0
儋州,P5,x9_1,X9: 1,x9,0.0
定安,P6,x9_1,X9: 1,x9,1.0
东方,P7,x9_1,X9: 1,x9,0.0
东莞,P8,x9_1,X9: 1,x9,0.0
东营,P9,x9_1,X9: 1,x9,0.0
佛山,P10,x9_1,X9: 1,x9,1.0
广州,P11,x9_1,X9: 1,x9,0.0
海口,P12,x9_1,X9: 1,x9,0.0
合肥,P13,x9_1,X9: 1,x9,0.0
惠州,P14,x9_1,X9: 1,x9,0.0
九江,P15,x9_1,X9: 1,x9,0.0
兰州,P16,x9_1,X9: 1,x9,1.0
乐东,P17,x9_1,X9: 1,x9,0.0
乐山,P18,x9_1,X9: 1,x9,1.0
丽水,P19,x9_1,X9: 1,x9,0.0
临高,P20,x9_1,X9: 1,x9,1.0
陵水,P21,x9_1,X9: 1,x9,1.0
六安,P22,x9_1,X9: 1,x9,0.0
清远,P23,x9_1,X9: 1,x9,1.0
琼海,P24,x9_1,X9: 1,x9,0.0
琼中,P25,x9_1,X9: 1,x9,1.0
汕头,P26,x9_1,X9: 1,x9,1.0
上海,P27,x9_1,X9: 1,x9,0.0
上饶,P28,x9_1,X9: 1,x9,0.0
韶关,P29,x9_1,X9: 1,x9,0.0
深圳,P30,x9_1,X9: 1,x9,0.0
万宁,P31,x9_1,X9: 1,x9,0.0
文昌,P32,x9_1,X9: 1,x9,1.0
五指山,P33,x9_1,X9: 1,x9,1.0
信阳,P34,x9_1,X9: 1,x9,0.0
义乌,P35,x9_1,X9: 1,x9,0.0
肇庆,P36,x9_1,X9: 1,x9,1.0
中山,P37,x9_1,X9: 1,x9,1.0
中卫,P38,x9_1,X9: 1,x9,0.0
珠海,P39,x9_1,X9: 1,x9,0.0
屯昌,P40,x9_1,X9: 1,x9,1.0
昌江,P41,x9_1,X9: 1,x9,1.0
白沙,P1,x9_2,X9: 2,x9,0.0
北海,P2,x9_2,X9: 2,x9,0.0
北京,P3,x9_2,X9: 2,x9,0.0
澄迈,P4,x9_2,X9: 2,x9,0.0
儋州,P5,x9_2,X9: 2,x9,0.0
定安,P6,x9_2,X9: 2,x9,0.0
东方,P7,x9_2,X9: 2,x9,0.0
东莞,P8,x9_2,X9: 2,x9,1.0
东营,P9,x9_2,X9: 2,x9,0.0
佛山,P10,x9_2,X9: 2,x9,0.0
广州,P11,x9_2,X9: 2,x9,0.0
海口,P12,x9_2,X9: 2,x9,0.0
合肥,P13,x9_2,X9: 2,x9,0.0
惠州,P14,x9_2,X9: 2,x9,0.0
九江,P15,x9_2,X9: 2,x9,0.0
兰州,P16,x9_2,X9: 2,x9,0.0
乐东,P17,x9_2,X9: 2,x9,0.0
乐山,P18,x9_2,X9: 2,x9,0.0
丽水,P19,x9_2,X9: 2,x9,0.0
临高,P20,x9_2,X9: 2,x9,0.0
陵水,P21,x9_2,X9: 2,x9,0.0
六安,P22,x9_2,X9: 2,x9,0.0
清远,P23,x9_2,X9: 2,x9,0.0
琼海,P24,x9_2,X9: 2,x9,0.0
琼中,P25,x9_2,X9: 2,x9,0.0
汕头,P26,x9_2,X9: 2,x9,0.0
上海,P27,x9_2,X9: 2,x9,0.0
上饶,P28,x9_2,X9: 2,x9,0.0
韶关,P29,x9_2,X9: 2,x9,0.0
深圳,P30,x9_2,X9: 2,x9,0.0
万宁,P31,x9_2,X9: 2,x9,0.0
文昌,P32,x9_2,X9: 2,x9,0.0
五指山,P33,x9_2,X9: 2,x9,0.0
信阳,P34,x9_2,X9: 2,x9,0.0
义乌,P35,x9_2,X9: 2,x9,0.0
肇庆,P36,x9_2,X9: 2,x9,0.0
中山,P37,x9_2,X9: 2,x9,0.0
中卫,P38,x9_2,X9: 2,x9,0.0
珠海,P39,x9_2,X9: 2,x9,0.0
屯昌,P40,x9_2,X9: 2,x9,0.0
昌江,P41,x9_2,X9: 2,x9,0.0
白沙,P1,x9_3,X9: 3,x9,1.0
北海,P2,x9_3,X9: 3,x9,1.0
北京,P3,x9_3,X9: 3,x9,1.0
澄迈,P4,x9_3,X9: 3,x9,1.0
儋州,P5,x9_3,X9: 3,x9,0.0
定安,P6,x9_3,X9: 3,x9,1.0
东方,P7,x9_3,X9: 3,x9,0.0
东莞,P8,x9_3,X9: 3,x9,1.0
东营,P9,x9_3,X9: 3,x9,0.0
佛山,P10,x9_3,X9: 3,x9,0.0
广州,P11,x9_3,X9: 3,x9,0.0
海口,P12,x9_3,X9: 3,x9,0.0
合肥,P13,x9_3,X9: 3,x9,0.0
惠州,P14,x9_3,X9: 3,x9,1.0
九江,P15,x9_3,X9: 3,x9,0.0
兰州,P16,x9_3,X9: 3,x9,1.0
乐东,P17,x9_3,X9: 3,x9,0.0
乐山,P18,x9_3,X9: 3,x9,1.0
丽水,P19,x9_3,X9: 3,x9,0.0
临高,P20,x9_3,X9: 3,x9,1.0
陵水,P21,x9_3,X9: 3,x9,1.0
六安,P22,x9_3,X9: 3,x9,2.0
清远,P23,x9_3,X9: 3,x9,2.0
琼海,P24,x9_3,X9: 3,x9,0.0
琼中,P25,x9_3,X9: 3,x9,1.0
汕头,P26,x9_3,X9: 3,x9,1.0
上海,P27,x9_3,X9: 3,x9,0.0
上饶,P28,x9_3,X9: 3,x9,1.0
韶关,P29,x9_3,X9: 3,x9,0.0
深圳,P30,x9_3,X9: 3,x9,1.0
万宁,P31,x9_3,X9: 3,x9,0.0
文昌,P32,x9_3,X9: 3,x9,1.0
五指山,P33,x9_3,X9: 3,x9,1.0
信阳,P34,x9_3,X9: 3,x9,0.0
义乌,P35,x9_3,X9: 3,x9,0.0
肇庆,P36,x9_3,X9: 3,x9,1.0
中山,P37,x9_3,X9: 3,x9,0.0
中卫,P38,x9_3,X9: 3,x9,1.0
珠海,P39,x9_3,X9: 3,x9,0.0
屯昌,P40,x9_3,X9: 3,x9,1.0
昌江,P41,x9_3,X9: 3,x9,1.0
白沙,P1,x9_4,X9: 4,x9,0.0
北海,P2,x9_4,X9: 4,x9,0.0
北京,P3,x9_4,X9: 4,x9,0.0
澄迈,P4,x9_4,X9: 4,x9,1.0
儋州,P5,x9_4,X9: 4,x9,0.0
定安,P6,x9_4,X9: 4,x9,0.0
东方,P7,x9_4,X9: 4,x9,0.0
东莞,P8,x9_4,X9: 4,x9,0.0
东营,P9,x9_4,X9: 4,x9,0.0
佛山,P10,x9_4,X9: 4,x9,0.0
广州,P11,x9_4,X9: 4,x9,0.0
海口,P12,x9_4,X9: 4,x9,0.0
合肥,P13,x9_4,X9: 4,x9,0.0
惠州,P14,x9_4,X9: 4,x9,0.0
九江,P15,x9_4,X9: 4,x9,0.0
兰州,P16,x9_4,X9: 4,x9,0.0
乐东,P17,x9_4,X9: 4,x9,0.0
乐山,P18,x9_4,X9: 4,x9,0.0
丽水,P19,x9_4,X9: 4,x9,0.0
临高,P20,x9_4,X9: 4,x9,0.0
陵水,P21,x9_4,X9: 4,x9,0.0
六安,P22,x9_4,X9: 4,x9,0.0
清远,P23,x9_4,X9: 4,x9,0.0
琼海,P24,x9_4,X9: 4,x9,0.0
琼中,P25,x9_4,X9: 4,x9,0.0
汕头,P26,x9_4,X9: 4,x9,0.0
上海,P27,x9_4,X9: 4,x9,1.0
上饶,P28,x9_4,X9: 4,x9,0.0
韶关,P29,x9_4,X9: 4,x9,0.0
深圳,P30,x9_4,X9: 4,x9,0.0
万宁,P31,x9_4,X9: 4,x9,0.0
文昌,P32,x9_4,X9: 4,x9,0.0
五指山,P33,x9_4,X9: 4,x9,0.0
信阳,P34,x9_4,X9: 4,x9,0.0
义乌,P35,x9_4,X9: 4,x9,0.0
肇庆,P36,x9_4,X9: 4,x9,0.0
中山,P37,x9_4,X9: 4,x9,0.0
中卫,P38,x9_4,X9: 4,x9,0.0
珠海,P39,x9_4,X9: 4,x9,0.0
屯昌,P40,x9_4,X9: 4,x9,0.0
昌江,P41,x9_4,X9: 4,x9,0.0
白沙,P1,x9_5,X9: 5,x9,0.0
北海,P2,x9_5,X9: 5,x9,0.0
北京,P3,x9_5,X9: 5,x9,0.0
澄迈,P4,x9_5,X9: 5,x9,0.0
儋州,P5,x9_5,X9: 5,x9,0.0
定安,P6,x9_5,X9: 5,x9,0.0
东方,P7,x9_5,X9: 5,x9,0.0
东莞,P8,x9_5,X9: 5,x9,0.0
东营,P9,x9_5,X9: 5,x9,0.0
佛山,P10,x9_5,X9: 5,x9,0.0
广州,P11,x9_5,X9: 5,x9,0.0
海口,P12,x9_5,X9: 5,x9,0.0
合肥,P13,x9_5,X9: 5,x9,0.0
惠州,P14,x9_5,X9: 5,x9,0.0
九江,P15,x9_5,X9: 5,x9,0.0
兰州,P16,x9_5,X9: 5,x9,0.0
乐东,P17,x9_5,X9: 5,x9,0.0
乐山,P18,x9_5,X9: 5,x9,0.0
丽水,P19,x9_5,X9: 5,x9,0.0
临高,P20,x9_5,X9: 5,x9,0.0
陵水,P21,x9_5,X9: 5,x9,0.0
六安,P22,x9_5,X9: 5,x9,0.0
清远,P23,x9_5,X9: 5,x9,0.0
琼海,P24,x9_5,X9: 5,x9,0.0
琼中,P25,x9_5,X9: 5,x9,0.0
汕头,P26,x9_5,X9: 5,x9,0.0
上海,P27,x9_5,X9: 5,x9,0.0
上饶,P28,x9_5,X9: 5,x9,0.0
韶关,P29,x9_5,X9: 5,x9,0.0
深圳,P30,x9_5,X9: 5,x9,0.0
万宁,P31,x9_5,X9: 5,x9,0.0
文昌,P32,x9_5,X9: 5,x9,0.0
五指山,P33,x9_5,X9: 5,x9,0.0
信阳,P34,x9_5,X9: 5,x9,0.0
义乌,P35,x9_5,X9: 5,x9,0.0
肇庆,P36,x9_5,X9: 5,x9,1.0
中山,P37,x9_5,X9: 5,x9,0.0
中卫,P38,x9_5,X9: 5,x9,0.0
珠海,P39,x9_5,X9: 5,x9,0.0
屯昌,P40,x9_5,X9: 5,x9,0.0
昌江,P41,x9_5,X9: 5,x9,0.0
白沙,P1,x10_1,X10,x10,0.0
北海,P2,x10_1,X10,x10,0.0
北京,P3,x10_1,X10,x10,0.0
澄迈,P4,x10_1,X10,x10,0.0
儋州,P5,x10_1,X10,x10,0.0
定安,P6,x10_1,X10,x10,0.0
东方,P7,x10_1,X10,x10,0.0
东莞,P8,x10_1,X10,x10,1.0
东营,P9,x10_1,X10,x10,1.0
佛山,P10,x10_1,X10,x10,2.0
广州,P11,x10_1,X10,x10,0.0
海口,P12,x10_1,X10,x10,0.0
合肥,P13,x10_1,X10,x10,0.0
惠州,P14,x10_1,X10,x10,0.0
九江,P15,x10_1,X10,x10,0.0
兰州,P16,x10_1,X10,x10,1.0
乐东,P17,x10_1,X10,x10,0.0
乐山,P18,x10_1,X10,x10,1.0
丽水,P19,x10_1,X10,x10,0.0
临高,P20,x10_1,X10,x10,0.0
陵水,P21,x10_1,X10,x10,0.0
六安,P22,x10_1,X10,x10,0.0
清远,P23,x10_1,X10,x10,1.0
琼海,P24,x10_1,X10,x10,0.0
琼中,P25,x10_1,X10,x10,0.0
汕头,P26,x10_1,X10,x10,0.0
上海,P27,x10_1,X10,x10,0.0
上饶,P28,x10_1,X10,x10,0.0
韶关,P29,x10_1,X10,x10,1.0
深圳,P30,x10_1,X10,x10,0.0
万宁,P31,x10_1,X10,x10,0.0
文昌,P32,x10_1,X10,x10,0.0
五指山,P33,x10_1,X10,x10,0.0
信阳,P34,x10_1,X10,x10,0.0
义乌,P35,x10_1,X10,x10,0.0
肇庆,P36,x10_1,X10,x10,1.0
中山,P37,x10_1,X10,x10,1.0
中卫,P38,x10_1,X10,x10,1.0
珠海,P39,x10_1,X10,x10,0.0
屯昌,P40,x10_1,X10,x10,0.0
昌江,P41,x10_1,X10,x10,0.0
